 Analysis code | AN Notes | # Authors | # Authors from USA | Institutes | # Institutes | # Insitutes from USA
B2G-12-001 |  | 0 | 0 |  | 0 | 0
B2G-12-002 | CMS AN-2011/511 | 3 | 0 | LOUVAIN, PAVIA, #not_found# | 3 | 0
B2G-12-003 | CMS AN-2011/419 | 10 | 4 | BOSTON-UNIV, BROWN-UNIV, #not_found#, PADOVA | 4 | 2
B2G-12-004 | CMS AN-2011/454 | 7 | 4 | FLORIDA-STATE, #not_found#, UCDAVIS, KANSAS-STATE | 4 | 3
B2G-12-005 | CMS AN-2012/179 | 9 | 8 | JOHNS-HOPKINS, #not_found#, UCDAVIS, SUNY-BUFFALO | 4 | 3
B2G-12-006 | CMS AN-2012/488, CMS AN-2012/277 | 15 | 1 | HAMBURG-UNIV, BRUSSEL-VUB, #not_found#, CHICAGO | 4 | 1
B2G-12-007 |  | 0 | 0 |  | 0 | 0
B2G-12-008 | CMS AN-2012/280 | 3 | 3 | CORNELL | 1 | 1
B2G-12-009 | CMS AN-2013/004 | 7 | 6 | CERN, JOHNS-HOPKINS, UCDAVIS, SUNY-BUFFALO | 4 | 3
B2G-12-010 | CMS AN-2012/493 | 9 | 9 | PURDUE-CALUMET, BROWN-UNIV, BOSTON-UNIV | 3 | 3
B2G-12-011 |  | 0 | 0 |  | 0 | 0
B2G-12-012 | CMS AN-2012/491 | 5 | 5 | BROWN-UNIV, BOSTON-UNIV | 2 | 2
B2G-12-013 |  | 0 | 0 |  | 0 | 0
B2G-12-014 | CMS AN-2012/435 | 4 | 1 | TAIPEI-NTU, MIT | 2 | 1
B2G-12-015 | CMS AN-2013/028, CMS AN-2013/006 | 14 | 14 | BROWN-UNIV, BOSTON-UNIV, NEBRASKA | 3 | 3
B2G-12-016 | CMS AN-2012/323 | 3 | 0 | BRUSSEL-VUB, #not_found# | 2 | 0
B2G-12-017 |  | 0 | 0 |  | 0 | 0
B2G-12-018 |  | 0 | 0 |  | 0 | 0
B2G-12-019 | CMS AN-2012/438 | 8 | 7 | FLORIDA-STATE, RUTGERS, KANSAS-STATE, UCDAVIS, #not_found# | 5 | 4
B2G-12-020 | CMS AN-2012/456, CMS AN-2013/106, CMS AN-2013/026 | 20 | 2 | TAIPEI-NTU, RUTGERS, #not_found#, SKK-UNIV | 4 | 1
B2G-12-021 | CMS AN-2012/142 | 7 | 0 | TAIPEI-NTU, #not_found# | 2 | 0
B2G-12-022 | CMS AN-2013/013 | 5 | 2 | OHIO-STATE, #not_found#, STRASBOURG | 3 | 1
B2G-12-023 | CMS AN-2013/018 | 3 | 0 | LOUVAIN, PAVIA, #not_found# | 3 | 0
B2G-12-024 | CMS AN-2012/468 | 6 | 2 | OHIO-STATE, #not_found#, BRUSSEL-VUB | 3 | 1
B2G-12-025 |  | 0 | 0 |  | 0 | 0
B2G-13-001 | CMS AN-2012/488, CMS AN-2012/277, CMS AN-2012/179, CMS AN-2013/146 | 47 | 18 | LYON, UCDAVIS, CHICAGO, HAMBURG-UNIV, SUNY-BUFFALO, JOHNS-HOPKINS, BRUSSEL-VUB, GENOVA, #not_found# | 9 | 4
B2G-13-002 |  | 0 | 0 |  | 0 | 0
B2G-13-003 | CMS AN-2012/342, CMS AN-2012/257, CMS AN-2013/231 | 50 | 35 | RUTGERS, #not_found# | 2 | 1
BPH-07-001 | CMS AN-2007/024 | 3 | 0 |  | 0 | 0
BPH-07-002 | CMS AN-2007/023 | 6 | 0 |  | 0 | 0
BPH-07-003 | CMS AN-2007/042 | 1 | 0 | PISA | 1 | 0
BPH-07-004 | CMS AN-2007/043 | 2 | 0 | #not_found# | 1 | 0
BPH-08-001 |  | 0 | 0 |  | 0 | 0
BPH-08-002 |  | 0 | 0 |  | 0 | 0
BPH-08-003 |  | 0 | 0 |  | 0 | 0
BPH-08-004 |  | 0 | 0 |  | 0 | 0
BPH-08-005 |  | 0 | 0 |  | 0 | 0
BPH-08-006 |  | 0 | 0 |  | 0 | 0
BPH-08-007 |  | 0 | 0 |  | 0 | 0
BPH-08-008 |  | 0 | 0 |  | 0 | 0
BPH-08-009 |  | 0 | 0 |  | 0 | 0
BPH-08-010 |  | 0 | 0 |  | 0 | 0
BPH-08-011 |  | 0 | 0 |  | 0 | 0
BPH-09-001 | CMS AN-2009/079 | 2 | 2 | PRINCETON, PURDUE | 2 | 2
BPH-09-002 |  | 0 | 0 |  | 0 | 0
BPH-09-003 |  | 0 | 0 |  | 0 | 0
BPH-09-004 |  | 0 | 0 |  | 0 | 0
BPH-09-005 |  | 0 | 0 |  | 0 | 0
BPH-09-006 |  | 0 | 0 |  | 0 | 0
BPH-09-007 |  | 0 | 0 |  | 0 | 0
BPH-09-008 |  | 0 | 0 |  | 0 | 0
BPH-10-001 |  | 0 | 0 |  | 0 | 0
BPH-10-002 | CMS AN-2010/138, CMS AN-2010/158 | 60 | 0 |  | 0 | 0
BPH-10-003 | CMS AN-2010/140 | 1 | 2 | PURDUE | 1 | 1
BPH-10-004 | CMS AN-2010/152 | 2 | 1 | #not_found#, PURDUE | 2 | 1
BPH-10-005 | CMS AN-2010/083 | 3 | 1 | #not_found#, COLORADO, MILANO-BICOCCA | 3 | 1
BPH-10-006 |  | 0 | 0 |  | 0 | 0
BPH-10-007 | CMS AN-2010/182, CMS AN-2010/346, CMS AN-2010/171 | 22 | 0 |  | 0 | 0
BPH-10-008 | CMS AN-2010/452 | 2 | 0 | #not_found# | 1 | 0
BPH-10-009 | CMS AN-2011/279, CMS AN-2010/174, CMS AN-2010/128 | 37 | 0 | KARLSRUHE-IEKP, CERN, ZURICH-ETH, ATHENS, PISA, BOGAZICI, HELSINKI-UNIV, #not_found# | 8 | 0
BPH-10-010 | CMS AN-2010/347 | 8 | 0 |  | 0 | 0
BPH-10-011 | CMS AN-2011/091, CMS AN-2011/092, CMS AN-2011/087 | 6 | 1 | FERMILAB | 1 | 1
BPH-10-012 | CMS AN-2011/130 | 24 | 0 |  | 0 | 0
BPH-10-013 | CMS AN-2010/453 | 3 | 1 | TENNESSEE, HELSINKI-UNIV, ZURICH-UNIV | 3 | 1
BPH-10-014 | CMS AN-2011/098 | 6 | 1 | ROCHESTER, PISA | 2 | 1
BPH-10-015 | CMS AN-2011/059 | 8 | 0 | CERN, #not_found#, PADOVA | 3 | 0
BPH-10-016 | CMS AN-2012/147 | 6 | 0 | CERN, PADOVA | 2 | 0
BPH-10-017 |  | 0 | 0 |  | 0 | 0
BPH-10-018 | CMS AN-2011/010 | 15 | 4 | IOWA, COLORADO, CERN, BOLOGNA, PISA, WAYNE, BEIJING-IHEP, #not_found# | 8 | 3
BPH-10-019 | CMS AN-2011/230 | 3 | 3 | FLORIDA-TECH | 1 | 1
BPH-10-020 | CMS AN-2011/073 | 2 | 0 |  | 0 | 0
BPH-11-001 | CMS AN-2011/107 | 6 | 4 | #not_found#, PURDUE | 2 | 1
BPH-11-002 | CMS AN-2011/096 | 6 | 1 | ZURICH-ETH, NEBRASKA, PISA, PSI | 4 | 1
BPH-11-003 | CMS AN-2012/068 | 5 | 0 | MILANO-BICOCCA | 1 | 0
BPH-11-004 | CMS AN-2011/417 | 4 | 0 |  | 0 | 0
BPH-11-005 | CMS AN-2012/363 | 2 | 0 | #not_found#, MEXICO-CINVESTAV | 2 | 0
BPH-11-006 | CMS AN-2011/363 | 4 | 1 | MUMBAI-BARC, TENNESSEE, HELSINKI-UNIV, ZURICH-UNIV | 4 | 1
BPH-11-007 | CMS AN-2011/434 | 3 | 2 | COLORADO, #not_found# | 2 | 1
BPH-11-008 |  | 0 | 0 |  | 0 | 0
BPH-11-009 | CMS AN-2012/119 | 1 | 0 |  | 0 | 0
BPH-11-010 | CMS AN-2011/332 | 5 | 0 |  | 0 | 0
BPH-11-011 | CMS AN-2011/346 | 19 | 4 | IOWA, COLORADO, CERN, BOLOGNA, PISA, BARI, WAYNE, BEIJING-IHEP, ADANA-CUKUROVA, #not_found# | 10 | 3
BPH-11-012 | CMS AN-2011/130 | 24 | 0 |  | 0 | 0
BPH-11-013 | CMS AN-2012/044, CMS AN-2011/073 | 4 | 0 |  | 0 | 0
BPH-11-014 | CMS AN-2011/535, CMS AN-2011/417 | 7 | 0 | LIP, #not_found# | 2 | 0
BPH-11-015 |  | 0 | 0 |  | 0 | 0
BPH-11-016 | CMS AN-2013/094 | 4 | 1 | TAIPEI-NTU, MIT | 2 | 1
BPH-11-017 | CMS AN-2011/209 | 1 | 0 | MILANO-BICOCCA | 1 | 0
BPH-11-018 | CMS AN-2011/241 | 3 | 3 | IOWA | 1 | 1
BPH-11-019 |  | 0 | 0 |  | 0 | 0
BPH-11-020 | CMS AN-2011/380 | 8 | 0 |  | 0 | 0
BPH-11-021 | CMS AN-2011/344, CMS AN-2011/417, CMS AN-2011/528, CMS AN-2012/222 | 23 | 13 | PRINCETON, BRUXELLES-ULB, FLORIDA-STATE, TENNESSEE, BEIJING-IHEP, #not_found# | 6 | 3
BPH-11-022 | CMS AN-2011/279, CMS AN-2010/452 | 18 | 0 | KARLSRUHE-IEKP, CERN, ZURICH-ETH, ATHENS, PISA, BOGAZICI, HELSINKI-UNIV, #not_found# | 8 | 0
BPH-11-023 | CMS AN-2012/140, CMS AN-2011/535, CMS AN-2011/417, CMS AN-2012/088 | 17 | 0 | LIP, #not_found# | 2 | 0
BPH-11-024 |  | 0 | 0 |  | 0 | 0
BPH-11-025 | CMS AN-2013/163 | 4 | 0 | BOLOGNA | 1 | 0
BPH-11-026 | CMS AN-2012/413, CMS AN-2013/176, CMS AN-2011/445 | 30 | 17 | IOWA, CERN, HEPHY, FLORIDA-STATE, SUNY-BUFFALO, ISTANBUL-TECH, BARI, #not_found#, FERMILAB | 9 | 4
BPH-12-001 | CMS AN-2012/042 | 1 | 0 | HEPHY | 1 | 0
BPH-12-002 |  | 0 | 0 |  | 0 | 0
BPH-12-003 |  | 0 | 0 |  | 0 | 0
BPH-12-004 |  | 0 | 0 |  | 0 | 0
BPH-12-005 | CMS AN-2012/238 | 9 | 0 | #not_found# | 1 | 0
BPH-12-006 | CMS AN-2012/088, CMS AN-2013/088 | 10 | 1 | RICE, #not_found# | 2 | 1
BPH-12-007 | CMS AN-2012/296 | 2 | 1 | PUERTO_RICO, #not_found# | 2 | 1
BPH-12-008 |  | 0 | 0 |  | 0 | 0
BPH-12-009 |  | 0 | 0 |  | 0 | 0
BPH-12-010 | CMS AN-2013/009, CMS AN-2012/238 | 28 | 0 | #not_found# | 1 | 0
BPH-12-011 | CMS AN-2012/437 | 3 | 0 | MILANO-BICOCCA | 1 | 0
BPH-13-001 | CMS AN-2013/027 | 1 | 0 |  | 0 | 0
BPH-13-002 | CMS AN-2012/450 | 6 | 0 |  | 0 | 0
BPH-13-003 | CMS AN-2012/140, CMS AN-2011/535, CMS AN-2011/417, CMS AN-2012/088, CMS AN-2013/016 | 21 | 0 | LIP, #not_found# | 2 | 0
BPH-13-004 | CMS AN-2013/216, CMS AN-2013/114, CMS AN-2013/009 | 31 | 4 | CERN, #not_found#, PADOVA, PISA, PURDUE | 5 | 1
BPH-13-005 | CMS AN-2013/194 | 9 | 1 | CERN, HAMBURG-UNIV, TORINO, #not_found#, FERMILAB | 5 | 1
BPH-13-006 |  | 0 | 0 |  | 0 | 0
BPH-13-007 |  | 0 | 0 |  | 0 | 0
BPH-13-008 |  | 0 | 0 |  | 0 | 0
BTV-07-001 | CMS AN-2007/046 | 9 | 0 |  | 0 | 0
BTV-07-002 | CMS AN-2007/048 | 7 | 0 |  | 0 | 0
BTV-07-003 | CMS AN-2007/047 | 4 | 0 |  | 0 | 0
BTV-09-001 | CMS AN-2009/085 | 9 | 0 |  | 0 | 0
BTV-09-002 | CMS AN-2009/105 | 2 | 0 |  | 0 | 0
BTV-10-001 | CMS AN-2010/147, CMS AN-2010/162, CMS AN-2010/148 | 11 | 3 | CERN, HAMBURG-UNIV, HEPHY, PISA, CORNELL, NEBRASKA, #not_found#, VIRGINIA-UNIV | 8 | 3
BTV-11-001 | CMS AN-2011/216, CMS AN-2011/152, CMS AN-2009/179, CMS AN-2011/195, CMS AN-2011/183, CMS AN-2011/169, CMS AN-2011/207, CMS AN-2010/382 | 47 | 16 | BROWN-UNIV, VANDERBILT, STRASBOURG, PRINCETON, CERN, ZURICH-ETH, MADRID-CIEMAT, UCLA, #not_found#, FLORIDA-TECH, JOHNS-HOPKINS, SUNY-BUFFALO, KANSAS-STATE | 13 | 8
BTV-11-002 | CMS AN-2011/180 | 16 | 3 | STRASBOURG, CERN, HAMBURG-UNIV, TORINO, ZURICH-UNIV, FIRENZE, PISA, CHUNGLI-NCU, NEBRASKA, LOUVAIN, RIO-UERJ, #not_found#, FERMILAB | 13 | 2
BTV-11-003 | CMS AN-2011/450, CMS AN-2011/183, CMS AN-2011/438, CMS AN-2011/431 | 15 | 3 | BROWN-UNIV, BRUSSEL-VUB | 2 | 1
BTV-11-004 | CMS AN-2012/026, CMS AN-2011/534, CMS AN-2011/180, CMS AN-2011/446, CMS AN-2011/448, CMS AN-2011/503 | 62 | 20 | CHUNGLI-NCU, ZURICH-UNIV, NORTHEASTERN, ROCHESTER, STRASBOURG, PRINCETON, CERN, HAMBURG-UNIV, TORINO, PISA, FIRENZE, VANDERBILT, FLORIDA-TECH, NEBRASKA, HEPHY, LOUVAIN, SANTANDER, RIO-UERJ, BROWN-UNIV, #not_found#, FERMILAB | 21 | 8
BTV-12-001 |  | 0 | 0 |  | 0 | 0
BTV-13-001 | CMS AN-2013/148, CMS AN-2013/149, CMS AN-2013/219, CMS AN-2013/164, CMS AN-2012/432, CMS AN-2013/185, CMS AN-2013/142, CMS AN-2013/150, CMS AN-2013/157, CMS AN-2013/155, CMS AN-2013/154, CMS AN-2013/212 | 108 | 15 | #not_found#, BRUSSEL-VUB, ROCHESTER, STRASBOURG, PRINCETON, CERN, HAMBURG-UNIV, MADRID-CIEMAT, VANDERBILT, NEBRASKA, FLORIDA-TECH, RUTGERS, LOUVAIN, SANTANDER, TAIPEI-NTU, BROWN-UNIV, UNIANDES, PADOVA | 18 | 7
BTV-13-002 |  | 0 | 0 |  | 0 | 0
CFT-09-001 |  | 0 | 0 |  | 0 | 0
CFT-09-002 |  | 0 | 0 |  | 0 | 0
CFT-09-003 |  | 0 | 0 |  | 0 | 0
CFT-09-004 |  | 0 | 0 |  | 0 | 0
CFT-09-005 |  | 0 | 0 |  | 0 | 0
CFT-09-006 |  | 0 | 0 |  | 0 | 0
CFT-09-007 |  | 0 | 0 |  | 0 | 0
CFT-09-008 |  | 0 | 0 |  | 0 | 0
CFT-09-009 |  | 0 | 0 |  | 0 | 0
CFT-09-010 |  | 0 | 0 |  | 0 | 0
CFT-09-011 |  | 0 | 0 |  | 0 | 0
CFT-09-012 |  | 0 | 0 |  | 0 | 0
CFT-09-013 |  | 0 | 0 |  | 0 | 0
CFT-09-014 |  | 0 | 0 |  | 0 | 0
CFT-09-015 |  | 0 | 0 |  | 0 | 0
CFT-09-016 |  | 0 | 0 |  | 0 | 0
CFT-09-017 |  | 0 | 0 |  | 0 | 0
CFT-09-018 |  | 0 | 0 |  | 0 | 0
CFT-09-019 |  | 0 | 0 |  | 0 | 0
CFT-09-020 |  | 0 | 0 |  | 0 | 0
CFT-09-022 |  | 0 | 0 |  | 0 | 0
CFT-09-023 |  | 0 | 0 |  | 0 | 0
CFT-09-025 |  | 0 | 0 |  | 0 | 0
DIF-07-001 | CMS AN-2007/032 | 3 | 0 |  | 0 | 0
DIF-07-002 | CMS AN-2007/033 | 2 | 0 |  | 0 | 0
EGM-07-001 | CMS AN-2007/019 | 11 | 3 | LONDON-IC, BRUXELLES-ULB, MINNESOTA, DEMOKRITOS, #not_found#, FERMILAB | 6 | 2
EGM-09-001 |  | 0 | 0 |  | 0 | 0
EGM-09-002 |  | 0 | 0 |  | 0 | 0
EGM-09-003 |  | 0 | 0 |  | 0 | 0
EGM-09-004 |  | 0 | 0 |  | 0 | 0
EGM-09-005 |  | 0 | 0 |  | 0 | 0
EGM-09-006 |  | 0 | 0 |  | 0 | 0
EGM-10-001 | CMS AN-2010/038, CMS AN-2010/037, CMS AN-2010/041, CMS AN-2010/039, CMS AN-2010/052, CMS AN-2010/049 | 40 | 3 | UCSD, #not_found# | 2 | 1
EGM-10-002 |  | 0 | 0 |  | 0 | 0
EGM-10-003 | CMS AN-2010/216, CMS AN-2010/215, CMS AN-2010/214 | 12 | 2 | ROMA-1, MILANO-BICOCCA, CERN, HAMBURG-UNIV, TORINO, CALTECH, #not_found# | 7 | 1
EGM-10-004 |  | 0 | 0 |  | 0 | 0
EGM-10-005 |  | 0 | 0 |  | 0 | 0
EGM-10-006 | CMS AN-2010/268, CMS AN-2010/329, CMS AN-2010/292, CMS AN-2010/340, CMS AN-2010/295, CMS AN-2010/289 | 60 | 14 | TAIPEI-NTU, CERN, NOTRE_DAME, ZAGREB-RUDJER, SACLAY, MINNESOTA, CHUNGLI-NCU, FLORIDA-FIU, LIP, UCSD, MARYLAND, KOREA-UNIV, MIT, #not_found#, FERMILAB, DELHI-UNIV | 16 | 7
EGM-10-007 |  | 0 | 0 |  | 0 | 0
EGM-10-008 |  | 0 | 0 |  | 0 | 0
EGM-11-001 |  | 0 | 0 |  | 0 | 0
EWK-07-001 | CMS AN-2007/026 | 29 | 8 | LONDON-IC, SPLIT-FESB, MILANO-BICOCCA, BRUXELLES-ULB, PRINCETON, MINNESOTA, SACLAY, ROMA-1, POLYTECHNIQUE, DEMOKRITOS, BROWN-UNIV, UCRIVERSIDE, #not_found#, FERMILAB | 14 | 5
EWK-07-002 | CMS AN-2007/031 | 33 | 0 |  | 0 | 0
EWK-07-003 | CMS AN-2007/028 | 13 | 0 |  | 0 | 0
EWK-08-001 | CMS AN-2008/020 | 3 | 0 |  | 0 | 0
EWK-08-002 | CMS AN-2008/074, CMS AN-2008/057 | 9 | 2 | IOWA, FERMILAB | 2 | 2
EWK-08-003 | CMS AN-2008/051 | 4 | 0 |  | 0 | 0
EWK-08-004 | CMS AN-2008/056 | 13 | 0 |  | 0 | 0
EWK-08-005 | CMS AN-2007/026 | 29 | 8 | LONDON-IC, SPLIT-FESB, MILANO-BICOCCA, BRUXELLES-ULB, PRINCETON, MINNESOTA, SACLAY, ROMA-1, POLYTECHNIQUE, DEMOKRITOS, BROWN-UNIV, UCRIVERSIDE, #not_found#, FERMILAB | 14 | 5
EWK-08-006 | CMS AN-2009/092, CMS AN-2008/092, CMS AN-2008/105, CMS AN-2008/091, CMS AN-2008/096, CMS AN-2008/095 | 33 | 0 |  | 0 | 0
EWK-09-001 | CMS AN-2009/005, CMS AN-2009/014, CMS AN-2008/062 | 16 | 1 | FLORIDA-UNIV, NAPOLI, CERN, ZURICH-UNIV, FRASCATI, #not_found# | 6 | 1
EWK-09-002 | CMS AN-2009/042 | 18 | 0 |  | 0 | 0
EWK-09-003 | CMS AN-2009/054 | 13 | 0 |  | 0 | 0
EWK-09-004 | CMS AN-2009/108, CMS AN-2009/098 | 14 | 6 | LONDON-IC, PRINCETON, DEMOKRITOS, FLORIDA-STATE, #not_found#, FERMILAB | 6 | 3
EWK-09-005 | CMS AN-2009/063 | 7 | 6 | CERN, RUTGERS, MINNESOTA, TEXAS-TECH | 4 | 3
EWK-09-006 | CMS AN-2009/045 | 11 | 5 | CERN, ROMA-1, #not_found#, CALTECH, SAO_PAULO, MIT, FERMILAB | 7 | 3
EWK-09-007 |  | 0 | 0 |  | 0 | 0
EWK-09-008 |  | 0 | 0 |  | 0 | 0
EWK-09-009 |  | 0 | 0 |  | 0 | 0
EWK-09-010 |  | 0 | 0 |  | 0 | 0
EWK-09-011 |  | 0 | 0 |  | 0 | 0
EWK-09-012 |  | 0 | 0 |  | 0 | 0
EWK-09-013 |  | 0 | 0 |  | 0 | 0
EWK-09-014 |  | 0 | 0 |  | 0 | 0
EWK-09-015 |  | 0 | 0 |  | 0 | 0
EWK-09-016 |  | 0 | 0 |  | 0 | 0
EWK-10-001 |  | 0 | 0 |  | 0 | 0
EWK-10-002 | CMS AN-2010/332, CMS AN-2010/277, CMS AN-2010/345, CMS AN-2010/284, CMS AN-2010/264, CMS AN-2010/349 | 100 | 29 | ROMA-1, MADRID-CIEMAT, CALTECH, POLYTECHNIQUE, MIT, NORTHWESTERN, PURDUE, DEMOKRITOS, SACLAY, FIRENZE, KANSAS-STATE, RIO-UERJ, FERMILAB, FLORIDA-UNIV, LONDON-IC, PRINCETON, ZURICH-UNIV, MINNESOTA, SPLIT-FESB, WISCONSIN, CERN, NOTRE_DAME, NAPOLI, UCLA, FLORIDA-STATE, NEBRASKA, UCSD, #not_found#, LOUVAIN | 29 | 15
EWK-10-003 |  | 0 | 0 |  | 0 | 0
EWK-10-004 | CMS AN-2010/175 | 4 | 4 | PRINCETON | 1 | 1
EWK-10-005 | CMS AN-2011/055, CMS AN-2010/441, CMS AN-2010/332, CMS AN-2010/277, CMS AN-2011/053, CMS AN-2011/009, CMS AN-2010/395, CMS AN-2010/349 | 45 | 0 | DEMOKRITOS, LONDON-IC, #not_found#, NAPOLI | 4 | 0
EWK-10-006 | CMS AN-2011/060, CMS AN-2010/299, CMS AN-2010/469, CMS AN-2010/199 | 56 | 0 |  | 0 | 0
EWK-10-007 | CMS AN-2011/011, CMS AN-2011/013, CMS AN-2011/044 | 47 | 29 | FLORIDA-UNIV, NORTHWESTERN, DUBNA, KARLSRUHE-IEKP, PURDUE, CERN, RAL, UCLA, VILNIUS-UNIV, CALTECH, NEBRASKA, CHANDIGARH, ISLAMABAD-NCP, #not_found#, MIT, FERMILAB, TIFR-EHEP | 17 | 8
EWK-10-008 | CMS AN-2010/279 | 1 | 0 | #not_found# | 1 | 0
EWK-10-009 | CMS AN-2010/344 | 72 | 0 |  | 0 | 0
EWK-10-010 | CMS AN-2011/029, CMS AN-2010/456, CMS AN-2010/367, CMS AN-2010/449, CMS AN-2010/444 | 37 | 20 | FLORIDA-UNIV, OHIO-STATE, ROCHESTER, TEXAS-TECH, CERN, ZURICH-ETH, ROMA-1, MINNESOTA, RUTGERS, GHENT, #not_found#, FERMILAB | 12 | 7
EWK-10-011 | CMS AN-2011/025, CMS AN-2010/455, CMS AN-2011/031 | 27 | 0 |  | 0 | 0
EWK-10-012 | CMS AN-2011/046, CMS AN-2011/162, CMS AN-2011/136, CMS AN-2010/424, CMS AN-2010/425, CMS AN-2010/413, CMS AN-2011/008, CMS AN-2010/342, CMS AN-2011/014, CMS AN-2010/384, CMS AN-2011/017 | 99 | 40 | WISCONSIN, KARLSRUHE-IEKP, TEXAS-TECH, CERN, HAMBURG-UNIV, ROMA-1, MINNESOTA, FIRENZE, TRIESTE, CALTECH, JOHNS-HOPKINS, GHENT, #not_found#, FERMILAB, PADOVA | 15 | 6
EWK-10-013 | CMS AN-2010/457, CMS AN-2010/446, CMS AN-2010/450, CMS AN-2010/465, CMS AN-2010/082, CMS AN-2011/021, CMS AN-2010/431, CMS AN-2011/023, CMS AN-2010/387 | 51 | 2 | NORTHWESTERN, WISCONSIN, KARLSRUHE-IEKP, CERN, #not_found#, DESY | 6 | 2
EWK-10-014 | CMS AN-2010/309 | 6 | 0 |  | 0 | 0
EWK-10-015 | CMS AN-2010/407, CMS AN-2010/415, CMS AN-2010/409 | 9 | 0 | LONDON-IC, BRUSSEL-VUB, AACHEN-1 | 3 | 0
EWK-11-001 | CMS AN-2011/093 | 10 | 8 | ALABAMA-UNIV, PRINCETON, CERN, MINNESOTA, #not_found#, MIT | 6 | 4
EWK-11-002 | CMS AN-2011/019 | 1 | 0 | BRUXELLES-ULB | 1 | 0
EWK-11-003 | CMS AN-2011/031 | 6 | 0 |  | 0 | 0
EWK-11-004 | CMS AN-2011/356 | 13 | 0 |  | 0 | 0
EWK-11-005 | CMS AN-2011/282 | 1 | 0 |  | 0 | 0
EWK-11-006 |  | 0 | 0 |  | 0 | 0
EWK-11-007 | CMS AN-2012/063, CMS AN-2011/525 | 49 | 27 | FLORIDA-UNIV, NORTHWESTERN, ROCHESTER, KARLSRUHE-IEKP, PURDUE, CERN, RAL, UCLA, VILNIUS-UNIV, CALTECH, NEBRASKA, ISLAMABAD-NCP, DUBNA, MIT, #not_found#, FERMILAB, TIFR-EHEP | 17 | 9
EWK-11-008 |  | 0 | 0 |  | 0 | 0
EWK-11-009 | CMS AN-2011/108, CMS AN-2011/251 | 45 | 21 | LYON, WISCONSIN, UCDAVIS, CALTECH, AACHEN-1, ZAGREB-RUDJER, FLORIDA-STATE, KANSAS-STATE, CERN, RUTGERS, MIT, #not_found#, FERMILAB | 13 | 8
EWK-11-010 | CMS AN-2011/259, CMS AN-2011/148, CMS AN-2011/123, CMS AN-2011/134 | 89 | 8 | TORINO, WISCONSIN, MILANO-BICOCCA, CERN, SANTANDER, BOLOGNA, ZAGREB-RUDJER, SPLIT-UNIV, BARI, BOSTON-UNIV, JOHNS-HOPKINS, POLYTECHNIQUE, BEIJING-IHEP, ADANA-CUKUROVA, TAIPEI-NTU, SPLIT-FESB, BROWN-UNIV, #not_found# | 18 | 4
EWK-11-011 | CMS AN-2011/151, CMS AN-2011/074 | 32 | 16 | TEXAS-TECH, PRINCETON, PEKING-UNIV, SACLAY, FLORIDA-TECH, WAYNE, TEXAS-TAMU, RIO-UERJ, MARYLAND, #not_found#, FERMILAB, DELHI-UNIV | 12 | 7
EWK-11-012 | CMS AN-2011/263, CMS AN-2011/305, CMS AN-2011/264 | 23 | 0 | LONDON-IC, DESY, CERN, TORINO, LOUVAIN, BRUSSEL-VUB, #not_found# | 7 | 0
EWK-11-013 | CMS AN-2011/156 | 3 | 0 |  | 0 | 0
EWK-11-014 |  | 0 | 0 |  | 0 | 0
EWK-11-015 | CMS AN-2011/179 | 5 | 0 | CERN, SANTANDER, ZURICH-UNIV, HAMBURG-UNIV | 4 | 0
EWK-11-016 | CMS AN-2011/044 | 2 | 2 | NORTHWESTERN | 1 | 1
EWK-11-017 | CMS AN-2011/484, CMS AN-2011/266 | 27 | 21 | WISCONSIN, TEXAS-TECH, PRINCETON, KANSAS-STATE, KOLKATA-SAHA, FLORIDA-TECH, TEXAS-TAMU, RIO-UERJ, #not_found#, FERMILAB | 10 | 7
EWK-11-018 |  | 0 | 0 |  | 0 | 0
EWK-11-019 | CMS AN-2011/321 | 1 | 0 |  | 0 | 0
EWK-11-020 |  | 0 | 0 |  | 0 | 0
EWK-11-021 | CMS AN-2012/080 | 11 | 0 | CERN, ZURICH-ETH, #not_found#, FIRENZE | 4 | 0
EXO-08-001 | CMS AN-2008/004, CMS AN-2008/048 | 54 | 8 | KARLSRUHE-IEKP, ALABAMA-UNIV, PRINCETON, BRUXELLES-ULB, RAL, NORTHEASTERN, FLORIDA-STATE, MOSCOW-INR, RUTGERS, BRISTOL, #not_found#, FERMILAB | 12 | 6
EXO-08-002 |  | 0 | 0 |  | 0 | 0
EXO-08-003 | CMS AN-2007/049 | 14 | 0 |  | 0 | 0
EXO-08-004 | CMS AN-2008/046 | 6 | 0 |  | 0 | 0
EXO-08-005 | CMS AN-2008/065 | 3 | 0 |  | 0 | 0
EXO-08-006 | CMS AN-2008/072 | 5 | 0 |  | 0 | 0
EXO-08-007 |  | 0 | 0 |  | 0 | 0
EXO-08-008 | CMS AN-2009/068 | 3 | 3 | BROWN-UNIV, BOSTON-UNIV | 2 | 2
EXO-08-009 | CMS AN-2008/064 | 1 | 0 |  | 0 | 0
EXO-08-010 | CMS AN-2008/070 | 5 | 0 |  | 0 | 0
EXO-08-011 | CMS AN-2008/073 | 6 | 0 | CHUNGLI-NCU, GHENT, CERN, #not_found#, ANTWERPEN | 5 | 0
EXO-08-012 | CMS AN-2008/068 | 7 | 4 | RUTGERS, #not_found#, TENNESSEE | 3 | 2
EXO-08-013 | CMS AN-2008/079 | 1 | 0 | TAIPEI-NTU | 1 | 0
EXO-08-014 |  | 0 | 0 |  | 0 | 0
EXO-09-001 | CMS AN-2009/055 | 3 | 0 |  | 0 | 0
EXO-09-002 | CMS AN-2009/059 | 2 | 2 | JOHNS-HOPKINS, SUNY-BUFFALO | 2 | 2
EXO-09-003 | CMS AN-2009/103 | 8 | 0 |  | 0 | 0
EXO-09-004 | CMS AN-2009/062 | 4 | 0 |  | 0 | 0
EXO-09-005 |  | 0 | 0 |  | 0 | 0
EXO-09-006 | CMS AN-2009/097 | 16 | 0 |  | 0 | 0
EXO-09-007 | CMS AN-2009/099 | 11 | 7 | WISCONSIN, PRINCETON, ZAGREB-RUDJER, #not_found#, BOSTON-UNIV, KANSAS-STATE | 6 | 4
EXO-09-008 | CMS AN-2009/086 | 26 | 12 | LYON, STRASBOURG, UCDAVIS, CERN, UCRIVERSIDE, AACHEN-3A, SUNY-BUFFALO, FLORIDA-TECH, JOHNS-HOPKINS, MONS, HAMBURG-UNIV, MARYLAND, GENOVA, #not_found#, FERMILAB, KARLSRUHE-IEKP | 16 | 7
EXO-09-009 | CMS AN-2009/093 | 7 | 0 |  | 0 | 0
EXO-09-010 | CMS AN-2009/037 | 3 | 0 |  | 0 | 0
EXO-09-011 | CMS AN-2009/096 | 6 | 0 |  | 0 | 0
EXO-09-012 | CMS AN-2009/090 | 1 | 0 |  | 0 | 0
EXO-09-013 | CMS AN-2009/109 | 6 | 0 | CHUNGLI-NCU, GHENT, CERN, #not_found# | 4 | 0
EXO-09-014 | CMS AN-2009/110 | 4 | 0 | CERN, KOLKATA-SAHA, PAVIA | 3 | 0
EXO-09-015 |  | 0 | 0 |  | 0 | 0
EXO-10-001 | CMS AN-2010/108 | 19 | 9 | LYON, ROCHESTER, TEXAS-TECH, CERN, BOGAZICI, RUTGERS, BOSTON-UNIV, ADANA-CUKUROVA, IOWA, BROWN-UNIV, #not_found#, FERMILAB | 12 | 7
EXO-10-002 | CMS AN-2010/126 | 12 | 0 |  | 0 | 0
EXO-10-003 | CMS AN-2010/184 | 8 | 0 |  | 0 | 0
EXO-10-004 | CMS AN-2010/053, CMS AN-2010/194 | 18 | 3 | ALABAMA-UNIV, BOLOGNA, ROMA-1, MINNESOTA, FLORIDA-STATE, PISA, LOUVAIN, #not_found#, PADOVA | 9 | 3
EXO-10-005 | CMS AN-2010/230 | 5 | 0 |  | 0 | 0
EXO-10-006 | CMS AN-2010/361 | 5 | 0 |  | 0 | 0
EXO-10-007 | CMS AN-2010/255 | 4 | 3 | NORTHEASTERN, #not_found#, FERMILAB | 3 | 2
EXO-10-008 | CMS AN-2010/253 | 5 | 6 | NORTHEASTERN, KANSAS-STATE, PRINCETON | 3 | 3
EXO-10-009 | CMS AN-2010/124, CMS AN-2010/348 | 11 | 3 | CERN, NEBRASKA, #not_found#, CHICAGO | 4 | 2
EXO-10-010 | CMS AN-2010/108 | 19 | 9 | LYON, ROCHESTER, TEXAS-TECH, CERN, BOGAZICI, RUTGERS, BOSTON-UNIV, ADANA-CUKUROVA, IOWA, BROWN-UNIV, #not_found#, FERMILAB | 12 | 7
EXO-10-011 |  | 0 | 0 |  | 0 | 0
EXO-10-012 | CMS AN-2010/318 | 17 | 0 |  | 0 | 0
EXO-10-013 | CMS AN-2010/317, CMS AN-2010/312, CMS AN-2010/318 | 52 | 17 | FLORIDA-UNIV, BROWN-UNIV, FERMILAB, PURDUE, CORNELL, SANTANDER, NORTHEASTERN, UCLA, FLORIDA-TECH, PURDUE-CALUMET, ROMA-1, LOUVAIN, BRISTOL, RIO-UERJ, DUBNA, #not_found#, OHIO-STATE | 17 | 10
EXO-10-014 | CMS AN-2010/314 | 11 | 3 | MILANO-BICOCCA, CERN, AACHEN-3A, OHIO-STATE, CORNELL, KANGWON, UCRIVERSIDE, #not_found# | 8 | 3
EXO-10-015 | CMS AN-2010/315 | 8 | 2 | AACHEN-3A, BOSTON-UNIV, #not_found#, UCLA | 4 | 2
EXO-10-016 | CMS AN-2010/319, CMS AN-2010/320 | 8 | 3 | #not_found#, CALTECH, MADRID-CIEMAT, ZURICH-UNIV, UCSD | 5 | 2
EXO-10-017 | CMS AN-2010/313 | 3 | 2 | BROWN-UNIV, #not_found# | 2 | 1
EXO-10-018 | CMS AN-2010/360 | 8 | 1 | TAIPEI-NTU, RUTGERS, #not_found# | 3 | 1
EXO-10-019 | CMS AN-2010/405 | 4 | 4 | CALTECH, NORTHEASTERN, UCSD, ALABAMA-UNIV | 4 | 4
EXO-10-020 | CMS AN-2011/003 | 5 | 0 |  | 0 | 0
EXO-10-021 | CMS AN-2011/042 | 8 | 0 | AACHEN-3A, DELHI-UNIV, #not_found# | 3 | 0
EXO-10-022 | CMS AN-2011/007 | 1 | 0 | #not_found# | 1 | 0
EXO-10-023 | CMS AN-2010/333 | 1 | 0 | #not_found# | 1 | 0
EXO-10-024 | CMS AN-2010/364 | 22 | 0 |  | 0 | 0
EXO-10-025 | CMS AN-2010/321 | 10 | 5 | FLORIDA-UNIV, OHIO-STATE, #not_found# | 3 | 2
EXO-10-026 | CMS AN-2010/339 | 3 | 3 | RUTGERS, BROWN-UNIV | 2 | 2
EXO-11-001 | CMS AN-2011/027 | 7 | 6 | RUTGERS, BROWN-UNIV, #not_found# | 3 | 2
EXO-11-002 | CMS AN-2011/131, CMS AN-2010/438 | 23 | 7 | MOSCOW-INR, #not_found#, TEXAS-TECH, MINNESOTA | 4 | 2
EXO-11-003 | CMS AN-2011/024 | 1 | 0 | #not_found# | 1 | 0
EXO-11-004 | CMS AN-2011/296, CMS AN-2011/112, CMS AN-2011/295, CMS AN-2009/082, CMS AN-2011/361 | 45 | 23 | LYON, PRINCETON, BRUXELLES-ULB, RAL, PURDUE, LONDON-IC, BRISTOL, RICE, #not_found# | 9 | 3
EXO-11-005 | CMS AN-2011/050, CMS AN-2011/187 | 17 | 0 | TAIPEI-NTU, #not_found#, SKK-UNIV | 3 | 0
EXO-11-006 | CMS AN-2011/194 | 9 | 6 | UCDAVIS, CERN, HAMBURG-UNIV, SUNY-BUFFALO, JOHNS-HOPKINS, #not_found# | 6 | 3
EXO-11-007 |  | 0 | 0 |  | 0 | 0
EXO-11-008 | CMS AN-2012/108 | 5 | 3 | ADANA-CUKUROVA, RUTGERS, ROCHESTER, #not_found# | 4 | 2
EXO-11-009 | CMS AN-2010/275 | 7 | 4 | WAYNE, #not_found# | 2 | 1
EXO-11-010 | CMS AN-2011/054 | 4 | 1 | #not_found#, FERMILAB | 2 | 1
EXO-11-011 | CMS AN-2010/423 | 6 | 4 | RICE, #not_found#, PRINCETON | 3 | 2
EXO-11-012 | CMS AN-2011/063 | 1 | 0 |  | 0 | 0
EXO-11-013 | CMS AN-2010/462 | 3 | 2 | TEXAS-TAMU, #not_found# | 2 | 1
EXO-11-014 | CMS AN-2011/115 | 25 | 0 |  | 0 | 0
EXO-11-015 | CMS AN-2011/203, CMS AN-2011/242 | 20 | 4 | CERN, LYON, RUTGERS, #not_found#, TEXAS-TECH | 5 | 2
EXO-11-016 | CMS AN-2011/235 | 8 | 6 | IOWA, TEXAS-TECH, CORNELL, RUTGERS, #not_found#, FERMILAB | 6 | 5
EXO-11-017 | CMS AN-2011/320 | 7 | 4 | CERN, AACHEN-3A, NEBRASKA, KARLSRUHE-IEKP, CHICAGO | 5 | 2
EXO-11-018 |  | 0 | 0 |  | 0 | 0
EXO-11-019 | CMS AN-2011/159, CMS AN-2011/472, CMS AN-2011/278, CMS AN-2011/444 | 99 | 38 | FLORIDA-UNIV, BROWN-UNIV, FERMILAB, ROMA-1, PURDUE, CORNELL, BRUXELLES-ULB, RAL, NORTHEASTERN, UCLA, FLORIDA-TECH, PURDUE-CALUMET, CALTECH, LOUVAIN, BRISTOL, SANTANDER, RIO-UERJ, DUBNA, #not_found#, OHIO-STATE | 20 | 11
EXO-11-020 | CMS AN-2011/181, CMS AN-2012/002 | 16 | 0 |  | 0 | 0
EXO-11-021 | CMS AN-2011/193 | 3 | 2 | BROWN-UNIV, #not_found# | 2 | 1
EXO-11-022 | CMS AN-2011/167 | 19 | 6 | WARSAW-INS, ALABAMA-UNIV, BOLOGNA, ROMA-1, MINNESOTA, FLORIDA-STATE, UCLA, PISA, LOUVAIN, #not_found#, PADOVA | 11 | 4
EXO-11-023 |  | 0 | 0 |  | 0 | 0
EXO-11-024 | CMS AN-2011/227, CMS AN-2011/423, CMS AN-2011/273, CMS AN-2011/471 | 14 | 1 | AACHEN-3A, RUTGERS, AACHEN-1, #not_found# | 4 | 1
EXO-11-025 | CMS AN-2011/141 | 35 | 28 | FLORIDA-UNIV, NOTRE_DAME, OHIO-STATE, #not_found#, BEIJING-IHEP, PEKING-UNIV | 6 | 3
EXO-11-026 | CMS AN-2011/308, CMS AN-2011/369 | 19 | 14 | IOWA, TEXAS-TECH, BOSTON-UNIV, ROCHESTER, #not_found#, FERMILAB | 6 | 5
EXO-11-027 | CMS AN-2011/492 | 3 | 0 |  | 0 | 0
EXO-11-028 | CMS AN-2011/303 | 6 | 6 | NORTHEASTERN, KANSAS-STATE | 2 | 2
EXO-11-029 |  | 0 | 0 |  | 0 | 0
EXO-11-030 | CMS AN-2012/156, CMS AN-2011/335 | 4 | 4 | CALTECH | 1 | 1
EXO-11-031 | CMS AN-2011/326 | 18 | 8 | CHANDIGARH, COLORADO, MILANO-BICOCCA, PERUGIA, NOTRE_DAME, VANDERBILT, TEXAS-TAMU, AACHEN-1, #not_found#, TIFR-EHEP | 10 | 4
EXO-11-032 |  | 0 | 0 |  | 0 | 0
EXO-11-033 | CMS AN-2011/452 | 3 | 0 | KOLKATA-SAHA | 1 | 0
EXO-11-034 | CMS AN-2012/013 | 6 | 2 | AACHEN-3A, KANSAS-STATE, #not_found# | 3 | 1
EXO-11-035 | CMS AN-2010/212, CMS AN-2011/081 | 7 | 0 | GHENT, ROMA-1, #not_found# | 3 | 0
EXO-11-036 | CMS AN-2011/294, CMS AN-2011/480 | 16 | 0 | TAIPEI-NTU, #not_found#, SKK-UNIV | 3 | 0
EXO-11-037 | CMS AN-2011/236 | 3 | 2 | CALTECH, NORTHEASTERN, #not_found# | 3 | 2
EXO-11-038 | CMS AN-2011/236, CMS AN-2011/250 | 6 | 5 | CALTECH, RUTGERS, NORTHEASTERN, BROWN-UNIV, #not_found# | 5 | 4
EXO-11-039 | CMS AN-2011/318 | 4 | 0 | AACHEN-3A | 1 | 0
EXO-11-040 | CMS AN-2011/192 | 4 | 0 | IPM | 1 | 0
EXO-11-041 | CMS AN-2011/259, CMS AN-2011/333 | 18 | 7 | WISCONSIN, MILANO-BICOCCA, ZAGREB-RUDJER, KANSAS-STATE, BARI, BOSTON-UNIV, POLYTECHNIQUE, ADANA-CUKUROVA, #not_found#, FERMILAB | 10 | 4
EXO-11-042 |  | 0 | 0 |  | 0 | 0
EXO-11-043 | CMS AN-2011/442 | 1 | 0 | AACHEN-3A | 1 | 0
EXO-11-044 |  | 0 | 0 |  | 0 | 0
EXO-11-045 | CMS AN-2011/281, CMS AN-2011/174, CMS AN-2011/292 | 40 | 28 | RUTGERS, #not_found# | 2 | 1
EXO-11-046 | CMS AN-2011/170 | 10 | 8 | FLORIDA-TECH, PEKING-UNIV, MISSISSIPPI, #not_found#, FERMILAB | 5 | 3
EXO-11-047 |  | 0 | 0 |  | 0 | 0
EXO-11-048 | CMS AN-2012/023 | 9 | 0 |  | 0 | 0
EXO-11-049 |  | 0 | 0 |  | 0 | 0
EXO-11-050 | CMS AN-2011/283, CMS AN-2011/509 | 48 | 0 |  | 0 | 0
EXO-11-051 | CMS AN-2011/429, CMS AN-2011/237, CMS AN-2011/231 | 47 | 25 | SOFIA-INRNE, SKK-UNIV, BRUSSEL-VUB, UCDAVIS, UCLA, KANSAS-STATE, CARNEGIE-MELLON, TAIPEI-NTU, BROWN-UNIV, UCRIVERSIDE, #not_found# | 11 | 6
EXO-11-052 |  | 0 | 0 |  | 0 | 0
EXO-11-053 |  | 0 | 0 |  | 0 | 0
EXO-11-054 | CMS AN-2011/261 | 1 | 0 | BRUSSEL-VUB | 1 | 0
EXO-11-055 | CMS AN-2011/300 | 7 | 2 | FLORIDA-TECH, HAMBURG-UNIV, KARLSRUHE-IEKP, #not_found#, CHICAGO | 5 | 2
EXO-11-056 | CMS AN-2011/501 | 9 | 5 | RUTGERS, OHIO-STATE, #not_found# | 3 | 2
EXO-11-057 |  | 0 | 0 |  | 0 | 0
EXO-11-058 | CMS AN-2011/108, CMS AN-2011/319 | 31 | 0 |  | 0 | 0
EXO-11-059 | CMS AN-2011/440, CMS AN-2011/228 | 2 | 0 | #not_found# | 1 | 0
EXO-11-060 | CMS AN-2011/322 | 7 | 6 | RUTGERS, BROWN-UNIV, #not_found# | 3 | 2
EXO-11-061 | CMS AN-2011/226 | 1 | 0 |  | 0 | 0
EXO-11-062 |  | 0 | 0 |  | 0 | 0
EXO-11-063 |  | 0 | 0 |  | 0 | 0
EXO-11-064 |  | 0 | 0 |  | 0 | 0
EXO-11-065 | CMS AN-2011/137 | 24 | 0 |  | 0 | 0
EXO-11-066 | CMS AN-2011/406, CMS AN-2012/142 | 11 | 0 | TAIPEI-NTU, #not_found# | 2 | 0
EXO-11-067 | CMS AN-2011/176 | 5 | 3 | NOTRE_DAME, UCRIVERSIDE, #not_found#, VIRGINIA-UNIV | 4 | 3
EXO-11-068 | CMS AN-2011/323 | 4 | 4 | RUTGERS, TENNESSEE | 2 | 2
EXO-11-069 |  | 0 | 0 |  | 0 | 0
EXO-11-070 | CMS AN-2011/238 | 3 | 2 | #not_found#, TEXAS-TAMU | 2 | 1
EXO-11-071 | CMS AN-2011/256 | 7 | 2 | DUBNA, BROWN-UNIV, #not_found#, ANKARA-METU | 4 | 1
EXO-11-072 |  | 0 | 0 |  | 0 | 0
EXO-11-073 | CMS AN-2011/389 | 8 | 0 |  | 0 | 0
EXO-11-074 | CMS AN-2011/530 | 5 | 0 |  | 0 | 0
EXO-11-075 | CMS AN-2012/016 | 8 | 4 | CERN, RUTGERS, BROWN-UNIV, IOANNINA, #not_found# | 5 | 2
EXO-11-076 |  | 0 | 0 |  | 0 | 0
EXO-11-077 | CMS AN-2011/296 | 1 | 0 | #not_found# | 1 | 0
EXO-11-078 | CMS AN-2011/511 | 3 | 0 | LOUVAIN, PAVIA, #not_found# | 3 | 0
EXO-11-079 |  | 0 | 0 |  | 0 | 0
EXO-11-080 |  | 0 | 0 |  | 0 | 0
EXO-11-081 | CMS AN-2011/414 | 3 | 2 | BOSTON-UNIV, #not_found#, FERMILAB | 3 | 2
EXO-11-082 |  | 0 | 0 |  | 0 | 0
EXO-11-083 |  | 0 | 0 |  | 0 | 0
EXO-11-084 |  | 0 | 0 |  | 0 | 0
EXO-11-085 | CMS AN-2011/419 | 10 | 4 | BOSTON-UNIV, BROWN-UNIV, #not_found#, PADOVA | 4 | 2
EXO-11-086 | CMS AN-2011/454 | 7 | 4 | FLORIDA-STATE, #not_found#, UCDAVIS, KANSAS-STATE | 4 | 3
EXO-11-087 | CMS AN-2011/420, CMS AN-2011/318, CMS AN-2011/192 | 11 | 0 | AACHEN-3A, IPM | 2 | 0
EXO-11-088 | CMS AN-2011/404 | 9 | 8 | PURDUE-CALUMET, BOSTON-UNIV, BROWN-UNIV, #not_found# | 4 | 3
EXO-11-089 |  | 0 | 0 |  | 0 | 0
EXO-11-090 | CMS AN-2012/039 | 3 | 3 | FLORIDA-STATE | 1 | 1
EXO-11-091 | CMS AN-2011/425, CMS AN-2012/020 | 17 | 7 | MOSCOW-INR, #not_found#, MINNESOTA | 3 | 1
EXO-11-092 | CMS AN-2011/449 | 9 | 0 |  | 0 | 0
EXO-11-093 | CMS AN-2012/120 | 9 | 0 |  | 0 | 0
EXO-11-094 | CMS AN-2012/012 | 11 | 2 | CERN, LYON, JOHNS-HOPKINS, #not_found#, TEXAS-TECH | 5 | 2
EXO-11-095 | CMS AN-2011/524 | 9 | 4 | CERN, JOHNS-HOPKINS, #not_found#, SUNY-BUFFALO | 4 | 2
EXO-11-096 | CMS AN-2012/053, CMS AN-2011/319, CMS AN-2011/108 | 50 | 9 | UCDAVIS, TEXAS-TECH, FLORIDA-STATE, KANSAS-STATE, #not_found#, PAVIA, KOLKATA-SAHA | 7 | 4
EXO-11-097 |  | 0 | 0 |  | 0 | 0
EXO-11-098 | CMS AN-2012/011 | 2 | 0 | BRUSSEL-VUB, #not_found# | 2 | 0
EXO-11-099 | CMS AN-2011/429, CMS AN-2011/518 | 27 | 15 | SOFIA-INRNE, SKK-UNIV, UCDAVIS, UCLA, KANSAS-STATE, CARNEGIE-MELLON, TAIPEI-NTU, BROWN-UNIV, UCRIVERSIDE, #not_found# | 10 | 6
EXO-11-100 |  | 0 | 0 |  | 0 | 0
EXO-11-101 | CMS AN-2011/486 | 15 | 9 | PURDUE, BRUXELLES-ULB, RAL, PRINCETON, BRISTOL, #not_found# | 6 | 2
EXO-11-102 | CMS AN-2012/017 | 6 | 4 | CERN, JOHNS-HOPKINS, ROCHESTER, KARLSRUHE-IEKP, FERMILAB | 5 | 3
EXO-12-001 | CMS AN-2012/049, CMS AN-2011/404, CMS AN-2011/170 | 20 | 16 | MISSISSIPPI, PEKING-UNIV, FLORIDA-TECH, PURDUE-CALUMET, BOSTON-UNIV, BROWN-UNIV, #not_found#, FERMILAB | 8 | 6
EXO-12-002 | CMS AN-2012/055, CMS AN-2012/158 | 12 | 2 | MARYLAND, PISA, FERMILAB | 3 | 2
EXO-12-003 | CMS AN-2011/335 | 2 | 2 | CALTECH | 1 | 1
EXO-12-004 | CMS AN-2012/020 | 8 | 3 | MOSCOW-INR, #not_found#, MINNESOTA | 3 | 1
EXO-12-005 |  | 0 | 0 |  | 0 | 0
EXO-12-006 |  | 0 | 0 |  | 0 | 0
EXO-12-007 | CMS AN-2012/345 | 3 | 3 | FERMILAB | 1 | 1
EXO-12-008 | CMS AN-2012/113 | 1 | 2 | ALABAMA-UNIV | 1 | 1
EXO-12-009 | CMS AN-2012/146 | 8 | 4 | DUBNA, BROWN-UNIV, #not_found#, ANKARA-METU | 4 | 1
EXO-12-010 | CMS AN-2012/423, CMS AN-2011/273, CMS AN-2012/172, CMS AN-2012/151 | 28 | 0 | KYUNGPOOK, AACHEN-1, AACHEN-3A, KANGWON, #not_found# | 5 | 0
EXO-12-011 | CMS AN-2012/057, CMS AN-2013/080 | 10 | 0 | AACHEN-3A, #not_found# | 2 | 0
EXO-12-012 | CMS AN-2011/238 | 3 | 2 | #not_found#, TEXAS-TAMU | 2 | 1
EXO-12-013 | CMS AN-2012/106 | 1 | 0 | IPM | 1 | 0
EXO-12-014 |  | 0 | 0 |  | 0 | 0
EXO-12-015 | CMS AN-2012/185, CMS AN-2012/171, CMS AN-2012/182 | 35 | 11 | FLORIDA-UNIV, FLORIDA-TECH, RAL, NORTHEASTERN, BRUXELLES-ULB, AACHEN-3A, ROMA-1, UCLA, DUBNA, CORNELL, CALTECH, DEMOKRITOS, BROWN-UNIV, #not_found# | 14 | 7
EXO-12-016 | CMS AN-2013/152, CMS AN-2012/229 | 21 | 6 | LYON, TEXAS-TECH, CERN, SUNY-BUFFALO, JOHNS-HOPKINS, ADANA-CUKUROVA, #not_found#, FERMILAB | 8 | 4
EXO-12-017 | CMS AN-2012/419, CMS AN-2012/183 | 13 | 11 | CERN, MINNESOTA | 2 | 1
EXO-12-018 | CMS AN-2012/179 | 9 | 8 | JOHNS-HOPKINS, #not_found#, UCDAVIS, SUNY-BUFFALO | 4 | 3
EXO-12-019 | CMS AN-2012/197 | 2 | 2 | UCSB | 1 | 1
EXO-12-020 | CMS AN-2012/216 | 4 | 3 | WAYNE, #not_found#, FERMILAB | 3 | 2
EXO-12-021 | CMS AN-2013/139, CMS AN-2013/045 | 16 | 1 | KARLSRUHE-IEKP, MILANO-BICOCCA, CERN, PEKING-UNIV, PERUGIA, SAO_PAULO, #not_found#, FERMILAB | 8 | 1
EXO-12-022 | CMS AN-2013/040 | 1 | 0 | #not_found# | 1 | 0
EXO-12-023 | CMS AN-2012/442 | 10 | 4 | ADANA-CUKUROVA, LYON, RUTGERS, IOWA, #not_found# | 5 | 2
EXO-12-024 | CMS AN-2012/393 | 9 | 4 | CERN, JOHNS-HOPKINS, #not_found#, SUNY-BUFFALO | 4 | 2
EXO-12-025 | CMS AN-2012/492 | 8 | 2 | ZAGREB-RUDJER, BOSTON-UNIV, #not_found# | 3 | 1
EXO-12-026 | CMS AN-2012/293 | 15 | 7 | WARSAW-INS, UCLA, FLORIDA-STATE, MINNESOTA, LOUVAIN, #not_found# | 6 | 3
EXO-12-027 | CMS AN-2012/496 | 6 | 0 | AACHEN-3A, #not_found# | 2 | 0
EXO-12-028 | CMS AN-2012/418, CMS AN-2013/263 | 9 | 1 | CHUNGLI-NCU, AACHEN-3A, KOLKATA-SAHA, #not_found#, KANSAS-STATE | 5 | 1
EXO-12-029 |  | 0 | 0 |  | 0 | 0
EXO-12-030 | CMS AN-2012/289 | 2 | 1 | #not_found#, PRINCETON | 2 | 1
EXO-12-031 | CMS AN-2012/287 | 2 | 0 | IPM | 1 | 0
EXO-12-032 | CMS AN-2012/426 | 4 | 3 | MARYLAND, #not_found#, FERMILAB | 3 | 2
EXO-12-033 |  | 0 | 0 |  | 0 | 0
EXO-12-034 |  | 0 | 0 |  | 0 | 0
EXO-12-035 | CMS AN-2013/001 | 5 | 3 | CERN, MINNESOTA, #not_found# | 3 | 1
EXO-12-036 |  | 0 | 0 |  | 0 | 0
EXO-12-037 | CMS AN-2012/474, CMS AN-2011/488 | 18 | 12 | BRUNEL, PRINCETON, RAL, PURDUE, BRISTOL, #not_found# | 6 | 2
EXO-12-038 | CMS AN-2012/402, CMS AN-2011/488 | 9 | 6 | RAL, PURDUE, BRISTOL, PRINCETON | 4 | 2
EXO-12-039 |  | 0 | 0 |  | 0 | 0
EXO-12-040 |  | 0 | 0 |  | 0 | 0
EXO-12-041 | CMS AN-2013/109 | 3 | 0 |  | 0 | 0
EXO-12-042 | CMS AN-2012/481 | 2 | 2 | NORTHEASTERN | 1 | 1
EXO-12-043 | CMS AN-2013/033 | 4 | 4 | NORTHEASTERN | 1 | 1
EXO-12-044 |  | 0 | 0 |  | 0 | 0
EXO-12-045 |  | 0 | 0 |  | 0 | 0
EXO-12-046 |  | 0 | 0 |  | 0 | 0
EXO-12-047 |  | 0 | 0 |  | 0 | 0
EXO-12-048 | CMS AN-2012/421 | 13 | 7 | LONDON-IC, IOWA, TEXAS-TECH, ROCKEFELLER, BANGKOK, TEXAS-TAMU, ADANA-CUKUROVA, #not_found# | 8 | 4
EXO-12-049 | CMS AN-2012/397 | 9 | 0 |  | 0 | 0
EXO-12-050 | CMS AN-2013/010 | 7 | 4 | CERN, AACHEN-3A, NEBRASKA, KARLSRUHE-IEKP, CHICAGO | 5 | 2
EXO-12-051 | CMS AN-2012/452 | 5 | 4 | RUTGERS, TENNESSEE, TIFR-EHEP | 3 | 2
EXO-12-052 |  | 0 | 0 |  | 0 | 0
EXO-12-053 | CMS AN-2013/152 | 10 | 4 | CERN, LYON, JOHNS-HOPKINS, #not_found#, SUNY-BUFFALO | 5 | 2
EXO-12-054 |  | 0 | 0 |  | 0 | 0
EXO-12-055 |  | 0 | 0 |  | 0 | 0
EXO-12-056 | CMS AN-2013/005 | 6 | 0 |  | 0 | 0
EXO-12-057 |  | 0 | 0 |  | 0 | 0
EXO-12-058 |  | 0 | 0 |  | 0 | 0
EXO-12-060 | CMS AN-2012/423 | 10 | 0 | KYUNGPOOK, AACHEN-3A, KANGWON, #not_found# | 4 | 0
EXO-12-061 | CMS AN-2012/422, CMS AN-2012/415 | 38 | 14 | FLORIDA-UNIV, BROWN-UNIV, PURDUE, NORTHEASTERN, BRUXELLES-ULB, AACHEN-3A, ROMA-1, UCLA, FLORIDA-TECH, CORNELL, CALTECH, DEMOKRITOS, DUBNA, #not_found#, RAL | 15 | 8
EXO-13-001 |  | 0 | 0 |  | 0 | 0
EXO-13-002 |  | 0 | 0 |  | 0 | 0
EXO-13-003 |  | 0 | 0 |  | 0 | 0
EXO-13-004 | CMS AN-2012/423 | 10 | 0 | KYUNGPOOK, AACHEN-3A, KANGWON, #not_found# | 4 | 0
EXO-13-005 | CMS AN-2013/208 | 3 | 0 | AACHEN-3B, #not_found# | 2 | 0
EXO-13-006 |  | 0 | 0 |  | 0 | 0
EXO-13-007 |  | 0 | 0 |  | 0 | 0
EXO-13-008 | CMS AN-2012/183 | 6 | 5 | CERN, MINNESOTA | 2 | 1
FSQ-12-001 |  | 0 | 0 |  | 0 | 0
FSQ-12-002 | CMS AN-2012/340, CMS AN-2013/063, CMS AN-2012/362 | 16 | 0 | ADANA-CUKUROVA, ST-PETERSBURG, MOSCOW-ITEP, WARSAW-IEP, MOSCOW-INR | 5 | 0
FSQ-12-003 |  | 0 | 0 |  | 0 | 0
FSQ-12-004 | CMS AN-2011/306 | 3 | 0 | CERN, LOUVAIN, IPM | 3 | 0
FSQ-12-005 | CMS AN-2013/030, CMS AN-2013/055 | 5 | 4 | RIO-UERJ, IOWA, ROCKEFELLER | 3 | 2
FSQ-12-006 | CMS AN-2013/055 | 3 | 2 | RIO-UERJ, IOWA | 2 | 1
FSQ-12-007 |  | 0 | 0 |  | 0 | 0
FSQ-12-008 | CMS AN-2011/199 | 4 | 0 | ANTWERPEN, DESY, #not_found# | 3 | 0
FSQ-12-009 |  | 0 | 0 |  | 0 | 0
FSQ-12-010 | CMS AN-2012/112 | 4 | 0 | LOUVAIN | 1 | 0
FSQ-12-011 |  | 0 | 0 |  | 0 | 0
FSQ-12-012 | CMS AN-2010/280 | 2 | 2 | NORTHWESTERN | 1 | 1
FSQ-12-013 | CMS AN-2013/092 | 2 | 0 | DESY | 1 | 0
FSQ-12-014 | CMS AN-2010/143 | 1 | 0 | BUDAPEST | 1 | 0
FSQ-12-015 |  | 0 | 0 |  | 0 | 0
FSQ-12-016 | CMS AN-2011/493 | 4 | 0 | ANTWERPEN | 1 | 0
FSQ-12-017 | CMS AN-2013/017 | 1 | 0 | TAIPEI-NTU | 1 | 0
FSQ-12-018 | CMS AN-2013/147 | 4 | 0 | LOUVAIN, #not_found# | 2 | 0
FSQ-12-019 | CMS AN-2012/263, CMS AN-2012/092 | 14 | 0 | ST-PETERSBURG, MOSCOW-MSU, MOSCOW-ITEP, LONDON-IC, #not_found# | 5 | 0
FSQ-12-020 | CMS AN-2011/349 | 5 | 2 | FLORIDA-UNIV, TAIPEI-NTU, #not_found# | 3 | 1
FSQ-12-021 |  | 0 | 0 |  | 0 | 0
FSQ-12-022 | CMS AN-2012/240 | 3 | 0 | MOSCOW-LEBEDEV | 1 | 0
FSQ-12-023 | CMS AN-2012/103 | 15 | 0 | ANTWERPEN, DESY, MOSCOW-MSU, ATHENS, #not_found#, KARLSRUHE-IEKP | 6 | 0
FSQ-12-024 |  | 0 | 0 |  | 0 | 0
FSQ-12-025 | CMS AN-2012/282 | 2 | 0 | ANTWERPEN, #not_found# | 2 | 0
FSQ-12-026 | CMS AN-2012/320, CMS AN-2013/138 | 8 | 0 | #not_found#, DESY, KARLSRUHE-IEKP | 3 | 0
FSQ-12-027 |  | 0 | 0 |  | 0 | 0
FSQ-12-028 | CMS AN-2013/078, CMS AN-2012/297 | 14 | 0 | CHANDIGARH, TAIPEI-NTU, TIFR-EHEP, #not_found#, ANTWERPEN | 5 | 0
FSQ-12-029 | CMS AN-2012/361 | 5 | 0 | BOLOGNA, #not_found# | 2 | 0
FSQ-12-030 | CMS AN-2012/361 | 5 | 0 | BOLOGNA, #not_found# | 2 | 0
FSQ-12-031 | CMS AN-2012/236, CMS AN-2012/434 | 10 | 0 | ADANA-CUKUROVA, ANTWERPEN, DESY, #not_found# | 4 | 0
FSQ-12-032 | CMS AN-2013/103 | 3 | 0 | ANTWERPEN, DESY | 2 | 0
FSQ-12-033 | CMS AN-2013/107 | 1 | 0 | #not_found# | 1 | 0
FSQ-12-034 | CMS AN-2013/067 | 3 | 0 | ANTWERPEN | 1 | 0
FSQ-12-035 | CMS AN-2013/124, CMS AN-2013/091, CMS AN-2013/168, CMS AN-2013/170 | 13 | 0 | CHANDIGARH, MOSCOW-ITEP, MOSCOW-MSU, TIFR-HECR, #not_found# | 5 | 0
FSQ-12-036 |  | 0 | 0 |  | 0 | 0
FSQ-13-001 |  | 0 | 0 |  | 0 | 0
FSQ-13-002 | CMS AN-2013/269 | 4 | 1 | RICE, #not_found# | 2 | 1
FSQ-13-003 |  | 0 | 0 |  | 0 | 0
FSQ-13-004 |  | 0 | 0 |  | 0 | 0
FSQ-13-005 |  | 0 | 0 |  | 0 | 0
FSQ-13-006 | CMS AN-2013/122 | 4 | 0 |  | 0 | 0
FSQ-13-007 |  | 0 | 0 |  | 0 | 0
FSQ-13-008 | CMS AN-2013/259 | 8 | 1 | LIVERMORE, RIO-CBPF, #not_found#, LOUVAIN | 4 | 1
FSQ-13-009 | CMS AN-2013/283 | 5 | 0 | CERN, MUMBAI-BARC, LOUVAIN, KARLSRUHE-IEKP | 4 | 0
FTR-13-001 | CMS AN-2013/050 | 6 | 6 | CALTECH, MIT | 2 | 2
FTR-13-002 |  | 0 | 0 |  | 0 | 0
FTR-13-003 | CMS AN-2013/298 | 6 | 0 | BARI, BOLOGNA, #not_found# | 3 | 0
FTR-13-004 | CMS AN-2013/295 | 6 | 1 | CALTECH, #not_found#, KOLKATA-SAHA | 3 | 1
FTR-13-005 |  | 0 | 0 |  | 0 | 0
FTR-13-006 | CMS AN-2013/287 | 1 | 1 | WISCONSIN | 1 | 1
FTR-13-007 |  | 0 | 0 |  | 0 | 0
FTR-13-008 |  | 0 | 0 |  | 0 | 0
FTR-13-009 | CMS AN-2013/290 | 4 | 4 | BAYLOR-UNIV, TEXAS-TAMU, VANDERBILT | 3 | 3
FTR-13-010 |  | 0 | 0 |  | 0 | 0
FTR-13-011 | CMS AN-2013/294 | 16 | 7 | LONDON-IC, IOWA, TEXAS-TECH, ROCKEFELLER, BANGKOK, TEXAS-TAMU, ADANA-CUKUROVA, #not_found# | 8 | 4
FTR-13-012 |  | 0 | 0 |  | 0 | 0
FTR-13-013 | CMS AN-2013/221, CMS AN-2013/167 | 24 | 10 | RAL, COLORADO, PURDUE, AACHEN-3A, BAYLOR-UNIV, MINNESOTA, ATHENS, RUTGERS, LOUVAIN, BRISTOL, UCSB, BROWN-UNIV, #not_found#, FERMILAB, KARLSRUHE-IEKP | 15 | 8
FTR-13-014 | CMS AN-2013/290, CMS AN-2013/291, CMS AN-2013/289, CMS AN-2013/293 | 21 | 4 | KARLSRUHE-IEKP, CERN, HAMBURG-UNIV, BAYLOR-UNIV, ATHENS, VANDERBILT, TEXAS-TAMU, #not_found# | 8 | 3
FTR-13-015 |  | 0 | 0 |  | 0 | 0
FTR-13-016 | CMS AN-2013/299 | 2 | 0 | TAIPEI-NTU, #not_found# | 2 | 0
FTR-13-017 | CMS AN-2013/301 | 4 | 0 | CERN, #not_found#, DESY | 3 | 0
FTR-13-018 |  | 0 | 0 |  | 0 | 0
FTR-13-019 | CMS AN-2013/289 | 11 | 0 | HAMBURG-UNIV, KARLSRUHE-IEKP | 2 | 0
FTR-13-020 | CMS AN-2013/291 | 1 | 0 |  | 0 | 0
FTR-13-021 |  | 0 | 0 |  | 0 | 0
FTR-13-022 |  | 0 | 0 |  | 0 | 0
FTR-13-023 | CMS AN-2013/293 | 5 | 0 | CERN, ATHENS, #not_found# | 3 | 0
FTR-13-024 | CMS AN-2013/286 | 4 | 1 | CHANDIGARH, BROWN-UNIV, #not_found# | 3 | 1
FTR-13-025 | CMS AN-2013/292 | 1 | 0 | #not_found# | 1 | 0
FTR-13-026 | CMS AN-2013/300 | 6 | 4 | PURDUE-CALUMET, BROWN-UNIV, DELHI-UNIV, #not_found# | 4 | 2
FTR-13-027 | CMS AN-2013/306 | 2 | 2 | MIT | 1 | 1
FWD-08-001 | CMS AN-2008/060 | 2 | 0 | ADANA-CUKUROVA, CERN | 2 | 0
FWD-08-002 | CMS AN-2008/059 | 2 | 0 |  | 0 | 0
FWD-08-003 | CMS AN-2008/061 | 2 | 0 |  | 0 | 0
FWD-08-004 |  | 0 | 0 |  | 0 | 0
FWD-08-005 |  | 0 | 0 |  | 0 | 0
FWD-09-001 |  | 0 | 0 |  | 0 | 0
FWD-09-002 |  | 0 | 0 |  | 0 | 0
FWD-10-001 | CMS AN-2010/063 | 2 | 0 | RIO-UERJ, MOSCOW-MSU | 2 | 0
FWD-10-002 | CMS AN-2012/261, CMS AN-2010/023 | 12 | 2 | RIO-UERJ, IOWA, DESY, WARSAW-IEP, #not_found# | 5 | 1
FWD-10-003 | CMS AN-2010/102, CMS AN-2010/081, CMS AN-2010/086, CMS AN-2010/243 | 21 | 2 | IOWA, DESY, WARSAW-IEP, CERN, ADANA-CUKUROVA, RIO-UERJ, #not_found# | 7 | 1
FWD-10-004 | CMS AN-2011/271 | 4 | 0 | TORINO, MOSCOW-MSU, #not_found# | 3 | 0
FWD-10-005 | CMS AN-2011/039 | 2 | 0 | LOUVAIN | 1 | 0
FWD-10-006 | CMS AN-2011/036 | 12 | 1 | NORTHEASTERN, DESY, WARSAW-IEP, MILANO-BICOCCA, TORINO, ADANA-CUKUROVA, #not_found# | 7 | 1
FWD-10-007 | CMS AN-2010/350 | 3 | 0 | RIO-UERJ, TORINO, MOSCOW-MSU | 3 | 0
FWD-10-008 | CMS AN-2011/103 | 4 | 0 | CERN, ZURICH-ETH, ROMA-1, #not_found# | 4 | 0
FWD-10-009 |  | 0 | 0 |  | 0 | 0
FWD-10-010 |  | 0 | 0 |  | 0 | 0
FWD-10-011 | CMS AN-2010/331 | 9 | 2 | ADANA-CUKUROVA, ANTWERPEN, IOWA, #not_found#, DESY | 5 | 1
FWD-10-012 |  | 0 | 0 |  | 0 | 0
FWD-10-013 | CMS AN-2011/306 | 3 | 0 | CERN, LOUVAIN, IPM | 3 | 0
FWD-10-014 | CMS AN-2011/214 | 9 | 0 | ST-PETERSBURG, MOSCOW-INR, MOSCOW-ITEP, DESY, WARSAW-IEP | 5 | 0
FWD-11-001 | CMS AN-2011/104 | 3 | 0 |  | 0 | 0
FWD-11-002 | CMS AN-2010/102, CMS AN-2010/081, CMS AN-2011/036, CMS AN-2010/243 | 28 | 1 | NORTHEASTERN, DESY, WARSAW-IEP, MILANO-BICOCCA, CERN, TORINO, ADANA-CUKUROVA, RIO-UERJ, #not_found# | 9 | 1
FWD-11-003 | CMS AN-2012/064 | 1 | 0 |  | 0 | 0
FWD-11-004 | CMS AN-2011/218 | 4 | 0 | PEKING-UNIV, #not_found#, LOUVAIN | 3 | 0
FWD-11-005 |  | 0 | 0 |  | 0 | 0
FWD-11-006 |  | 0 | 0 |  | 0 | 0
FWD-11-007 |  | 0 | 0 |  | 0 | 0
FWD-11-008 |  | 0 | 0 |  | 0 | 0
FWD-11-009 |  | 0 | 0 |  | 0 | 0
GEN-11-001 |  | 0 | 0 |  | 0 | 0
HIG-07-001 | CMS AN-2007/037 | 25 | 0 |  | 0 | 0
HIG-08-001 | CMS AN-2007/035 | 21 | 0 |  | 0 | 0
HIG-08-003 | CMS AN-2008/050 | 28 | 7 | FLORIDA-UNIV, LYON, NORTHEASTERN, CERN, SANTANDER, NOTRE_DAME, TORINO, SACLAY, POLYTECHNIQUE, LONDON-IC, ZURICH-ETH, BARI, TAIPEI-NTU, SPLIT-FESB, UCRIVERSIDE, #not_found#, TEXAS-TAMU | 17 | 5
HIG-08-004 | CMS AN-2008/037 | 6 | 0 | LONDON-IC, TIFR-EHEP, #not_found#, HELSINKI-HIP | 4 | 0
HIG-08-005 | CMS AN-2008/049 | 4 | 0 | DEMOKRITOS, AACHEN-1, #not_found# | 3 | 0
HIG-08-006 | CMS AN-2008/039 | 26 | 0 |  | 0 | 0
HIG-08-007 | CMS AN-2008/053 | 3 | 0 |  | 0 | 0
HIG-08-008 | CMS AN-2007/035 | 21 | 0 |  | 0 | 0
HIG-08-009 |  | 0 | 0 |  | 0 | 0
HIG-08-010 |  | 0 | 0 |  | 0 | 0
HIG-08-011 |  | 0 | 0 |  | 0 | 0
HIG-09-001 |  | 0 | 0 |  | 0 | 0
HIG-10-001 |  | 0 | 0 |  | 0 | 0
HIG-10-002 | CMS AN-2010/430 | 23 | 7 | NORTHWESTERN, LONDON-IC, WARSAW-INS, DESY, WARSAW-IEP, MILANO-BICOCCA, CERN, ZURICH-ETH, SACLAY, #not_found#, POLYTECHNIQUE, WISCONSIN, BROWN-UNIV, MIT | 14 | 4
HIG-10-003 | CMS AN-2010/411 | 88 | 0 |  | 0 | 0
HIG-11-001 | CMS AN-2010/427 | 8 | 0 |  | 0 | 0
HIG-11-002 | CMS AN-2011/015 | 7 | 0 |  | 0 | 0
HIG-11-003 | CMS AN-2011/432, CMS AN-2011/148 | 199 | 0 |  | 0 | 0
HIG-11-004 | CMS AN-2011/123 | 23 | 1 | CERN, SANTANDER, BOLOGNA, TORINO, SPLIT-UNIV, JOHNS-HOPKINS, POLYTECHNIQUE, BEIJING-IHEP, BARI, TAIPEI-NTU, SPLIT-FESB, #not_found# | 12 | 1
HIG-11-005 | CMS AN-2011/119 | 28 | 15 | FLORIDA-UNIV, NORTHWESTERN, PURDUE, CERN, ZURICH-ETH, NOTRE_DAME, NORTHEASTERN, FLORIDA-STATE, UCSD, BEIJING-IHEP, #not_found#, DELHI-UNIV | 12 | 7
HIG-11-006 | CMS AN-2011/100, CMS AN-2011/125 | 23 | 5 | WISCONSIN, PURDUE, BOLOGNA, NAPOLI, MADRID-CIEMAT, ZURICH-UNIV, MADRID-UNIV, LOUVAIN, BROWN-UNIV, #not_found# | 10 | 3
HIG-11-007 | CMS AN-2011/158 | 9 | 0 | BARI, SKK-UNIV, TALLINN, #not_found# | 4 | 0
HIG-11-008 | CMS AN-2011/175, CMS AN-2011/422, CMS AN-2011/126 | 20 | 0 |  | 0 | 0
HIG-11-009 | CMS AN-2011/153, CMS AN-2011/140 | 14 | 0 | #not_found#, DESY | 2 | 0
HIG-11-010 | CMS AN-2011/129 | 1 | 0 | #not_found# | 1 | 0
HIG-11-011 | CMS AN-2011/221, CMS AN-2011/298 | 4 | 1 | FLORIDA-UNIV, CERN, #not_found#, BEIJING-IHEP | 4 | 1
HIG-11-012 | CMS AN-2011/240 | 1 | 0 | #not_found# | 1 | 0
HIG-11-013 | CMS AN-2011/293 | 1 | 0 |  | 0 | 0
HIG-11-014 | CMS AN-2011/148 | 49 | 0 |  | 0 | 0
HIG-11-015 |  | 0 | 0 |  | 0 | 0
HIG-11-016 |  | 0 | 0 |  | 0 | 0
HIG-11-017 |  | 0 | 0 |  | 0 | 0
HIG-11-018 |  | 0 | 0 |  | 0 | 0
HIG-11-019 | CMS AN-2011/470, CMS AN-2011/422 | 13 | 0 |  | 0 | 0
HIG-11-020 |  | 0 | 0 |  | 0 | 0
HIG-11-021 |  | 0 | 0 |  | 0 | 0
HIG-11-022 |  | 0 | 0 |  | 0 | 0
HIG-11-023 |  | 0 | 0 |  | 0 | 0
HIG-11-024 | CMS AN-2011/432 | 150 | 0 |  | 0 | 0
HIG-11-025 | CMS AN-2011/387 | 1 | 0 |  | 0 | 0
HIG-11-026 | CMS AN-2011/407 | 1 | 0 |  | 0 | 0
HIG-11-027 | CMS AN-2011/388, CMS AN-2011/399 | 22 | 5 | WISCONSIN, PURDUE, BOLOGNA, NAPOLI, MADRID-CIEMAT, ZURICH-UNIV, MADRID-UNIV, LOUVAIN, BROWN-UNIV, #not_found# | 10 | 3
HIG-11-028 | CMS AN-2011/402 | 1 | 0 |  | 0 | 0
HIG-11-029 | CMS AN-2011/390 | 1 | 0 | #not_found# | 1 | 0
HIG-11-030 | CMS AN-2011/426 | 1 | 0 | #not_found# | 1 | 0
HIG-11-031 | CMS AN-2011/430 | 1 | 0 | #not_found# | 1 | 0
HIG-11-032 |  | 0 | 0 |  | 0 | 0
HIG-11-033 | CMS AN-2011/426 | 1 | 0 | #not_found# | 1 | 0
HIG-11-034 | CMS AN-2011/360 | 23 | 0 |  | 0 | 0
HIG-12-001 | CMS AN-2012/048 | 1 | 0 | #not_found# | 1 | 0
HIG-12-002 | CMS AN-2012/035 | 2 | 2 | RUTGERS, UCSD | 2 | 2
HIG-12-003 | CMS AN-2011/110 | 38 | 21 | NORTHEASTERN, KARLSRUHE-IEKP, TEXAS-TECH, PRINCETON, BRUXELLES-ULB, PEKING-UNIV, ROMA-1, NOTRE_DAME, FLORIDA-TECH, WAYNE, TEXAS-TAMU, RIO-UERJ, MILANO-BICOCCA, SUNY-BUFFALO, MIT, #not_found#, FERMILAB, VIRGINIA-UNIV | 18 | 11
HIG-12-004 | CMS AN-2011/058 | 4 | 1 | TORINO, #not_found#, UCDAVIS | 3 | 1
HIG-12-005 | CMS AN-2012/034 | 4 | 0 | BARI, TALLINN | 2 | 0
HIG-12-006 | CMS AN-2011/502 | 18 | 6 | NORTHWESTERN, WISCONSIN, MILANO-BICOCCA, CERN, PISA, LOUVAIN, BARI, BROWN-UNIV, KOLKATA-SAHA | 9 | 3
HIG-12-007 | CMS AN-2012/018 | 11 | 0 | KARLSRUHE-IEKP, DESY, #not_found# | 3 | 0
HIG-12-008 |  | 0 | 0 |  | 0 | 0
HIG-12-009 |  | 0 | 0 |  | 0 | 0
HIG-12-010 | CMS AN-2012/076, CMS AN-2011/360 | 29 | 5 | BRUXELLES-ULB, BROWN-UNIV, WISCONSIN | 3 | 2
HIG-12-011 | CMS AN-2011/386 | 6 | 0 |  | 0 | 0
HIG-12-012 | CMS AN-2012/076 | 6 | 5 | BRUXELLES-ULB, BROWN-UNIV, WISCONSIN | 3 | 2
HIG-12-013 |  | 0 | 0 |  | 0 | 0
HIG-12-014 | CMS AN-2012/086 | 35 | 7 | OVIEDO, ANTWERPEN, ROMA-1, MILANO-BICOCCA, CERN, SANTANDER, RAL, NORTHEASTERN, UCLA, CALTECH, UCSD, ZURICH-ETH, #not_found#, LOUVAIN | 14 | 4
HIG-12-015 | CMS AN-2012/160 | 1 | 0 | #not_found# | 1 | 0
HIG-12-016 | CMS AN-2012/141, CMS AN-2012/114 | 81 | 34 | KARLSRUHE-IEKP, CALTECH, POLYTECHNIQUE, BEIJING-IHEP, BARI, BROWN-UNIV, MIT, NORTHWESTERN, PURDUE, SPLIT-UNIV, BOLOGNA, FERMILAB, FLORIDA-UNIV, BRUXELLES-ULB, JOHNS-HOPKINS, SPLIT-FESB, WISCONSIN, CERN, ZURICH-ETH, NOTRE_DAME, TORINO, FLORIDA-STATE, KOLKATA-SAHA, UCSD, #not_found# | 25 | 12
HIG-12-017 | CMS AN-2012/228, CMS AN-2012/194 | 87 | 7 | OVIEDO, ANTWERPEN, ROMA-1, MILANO-BICOCCA, CERN, SANTANDER, RAL, NORTHEASTERN, UCLA, CALTECH, UCSD, ZURICH-ETH, #not_found#, LOUVAIN | 14 | 4
HIG-12-018 | CMS AN-2012/150 | 1 | 0 | #not_found# | 1 | 0
HIG-12-019 | CMS AN-2012/181 | 1 | 0 | #not_found# | 1 | 0
HIG-12-020 |  | 0 | 0 |  | 0 | 0
HIG-12-021 | CMS AN-2012/193 | 47 | 22 | KARLSRUHE-IEKP, TEXAS-TECH, PRINCETON, PEKING-UNIV, MILANO-BICOCCA, NOTRE_DAME, SUNY-BUFFALO, FLORIDA-TECH, WAYNE, DELHI-UNIV, RIO-UERJ, VIRGINIA-UNIV, MIT, #not_found#, FERMILAB, TEXAS-TAMU | 16 | 10
HIG-12-022 | CMS AN-2012/213 | 2 | 1 | RUTGERS, #not_found# | 2 | 1
HIG-12-023 | CMS AN-2012/138 | 22 | 0 |  | 0 | 0
HIG-12-024 | CMS AN-2013/064, CMS AN-2012/115 | 2 | 0 |  | 0 | 0
HIG-12-025 | CMS AN-2012/084 | 13 | 11 | NOTRE_DAME, OHIO-STATE, #not_found#, VIRGINIA-UNIV | 4 | 3
HIG-12-026 | CMS AN-2012/070 | 8 | 1 | MOSCOW-ITEP, SUNY-BUFFALO, DESY, #not_found# | 4 | 1
HIG-12-027 | CMS AN-2011/428, CMS AN-2012/295 | 15 | 0 | #not_found#, PADOVA | 2 | 0
HIG-12-028 |  | 0 | 0 |  | 0 | 0
HIG-12-029 |  | 0 | 0 |  | 0 | 0
HIG-12-030 | CMS AN-2012/288 | 5 | 0 | BARI, BOLOGNA, #not_found#, ZURICH-ETH | 4 | 0
HIG-12-031 |  | 0 | 0 |  | 0 | 0
HIG-12-032 | CMS AN-2012/206 | 1 | 0 | BRUXELLES-ULB | 1 | 0
HIG-12-033 | CMS AN-2011/428, CMS AN-2012/295, CMS AN-2012/070 | 23 | 1 | DESY, MOSCOW-ITEP, SUNY-BUFFALO, #not_found#, PADOVA | 5 | 1
HIG-12-034 |  | 0 | 0 |  | 0 | 0
HIG-12-035 | CMS AN-2012/299 | 12 | 10 | NOTRE_DAME, OHIO-STATE, #not_found#, VIRGINIA-UNIV | 4 | 3
HIG-12-036 |  | 0 | 0 |  | 0 | 0
HIG-12-037 | CMS AN-2012/307 | 6 | 0 |  | 0 | 0
HIG-12-038 | CMS AN-2012/228, CMS AN-2012/194 | 87 | 7 | OVIEDO, ANTWERPEN, ROMA-1, MILANO-BICOCCA, CERN, SANTANDER, RAL, NORTHEASTERN, UCLA, CALTECH, UCSD, ZURICH-ETH, #not_found#, LOUVAIN | 14 | 4
HIG-12-039 | CMS AN-2012/312 | 24 | 0 |  | 0 | 0
HIG-12-040 | CMS AN-2012/374 | 3 | 1 | ZURICH-ETH, UCSD, #not_found# | 3 | 1
HIG-12-041 | CMS AN-2012/370, CMS AN-2012/367 | 87 | 38 | KARLSRUHE-IEKP, CALTECH, POLYTECHNIQUE, BEIJING-IHEP, BARI, MIT, NORTHWESTERN, PURDUE, SPLIT-UNIV, FERMILAB, FLORIDA-UNIV, BOLOGNA, JOHNS-HOPKINS, SPLIT-FESB, WISCONSIN, CERN, ZURICH-ETH, NOTRE_DAME, TORINO, FLORIDA-STATE, #not_found#, UCSD, KOLKATA-SAHA | 23 | 11
HIG-12-042 | CMS AN-2012/386, CMS AN-2012/378, CMS AN-2012/369 | 134 | 7 | OVIEDO, ANTWERPEN, ROMA-1, MILANO-BICOCCA, CERN, SANTANDER, RAL, NORTHEASTERN, UCLA, CALTECH, UCSD, ZURICH-ETH, #not_found#, LOUVAIN | 14 | 4
HIG-12-043 | CMS AN-2012/365 | 1 | 0 | #not_found# | 1 | 0
HIG-12-044 | CMS AN-2012/349 | 1 | 0 | #not_found# | 1 | 0
HIG-12-045 |  | 0 | 0 |  | 0 | 0
HIG-12-046 | CMS AN-2012/368 | 44 | 20 | KARLSRUHE-IEKP, TEXAS-TECH, PRINCETON, PEKING-UNIV, MILANO-BICOCCA, NOTRE_DAME, FLORIDA-TECH, WAYNE, DELHI-UNIV, RIO-UERJ, VIRGINIA-UNIV, MIT, #not_found#, FERMILAB, TEXAS-TAMU | 15 | 9
HIG-12-047 | CMS AN-2012/371 | 22 | 0 |  | 0 | 0
HIG-12-048 |  | 0 | 0 |  | 0 | 0
HIG-12-049 | CMS AN-2012/387 | 32 | 16 | RUTGERS, NORTHWESTERN, DEMOKRITOS, SACLAY, MIT, CHUNGLI-NCU, CALTECH, TALLINN, BROWN-UNIV, #not_found# | 10 | 5
HIG-12-050 | CMS AN-2012/365 | 1 | 0 | #not_found# | 1 | 0
HIG-12-051 | CMS AN-2012/357 | 2 | 0 | BRUXELLES-ULB, #not_found# | 2 | 0
HIG-12-052 | CMS AN-2012/372 | 5 | 0 |  | 0 | 0
HIG-12-053 | CMS AN-2012/219, CMS AN-2013/036 | 26 | 5 | CHANDIGARH, VANDERBILT, DESY, BRUXELLES-ULB, NOTRE_DAME, PISA, #not_found#, TEXAS-TAMU, BARI, AACHEN-1, KOLKATA-SAHA, TIFR-EHEP | 12 | 3
HIG-12-054 | CMS AN-2013/053, CMS AN-2012/461 | 19 | 2 | CERN, BOLOGNA, #not_found#, BARI, MIT | 5 | 1
HIG-13-001 | CMS AN-2013/008 | 3 | 1 | ZURICH-ETH, UCSD, #not_found# | 3 | 1
HIG-13-002 | CMS AN-2013/133, CMS AN-2013/108, CMS AN-2013/007, CMS AN-2013/003 | 107 | 42 | KARLSRUHE-IEKP, CALTECH, POLYTECHNIQUE, BEIJING-IHEP, BARI, MIT, NORTHWESTERN, PURDUE, SPLIT-UNIV, BRUXELLES-ULB, FERMILAB, FLORIDA-UNIV, BOLOGNA, JOHNS-HOPKINS, SPLIT-FESB, WISCONSIN, CERN, ZURICH-ETH, NOTRE_DAME, TORINO, FLORIDA-STATE, #not_found#, NEBRASKA, UCSD, KOLKATA-SAHA | 25 | 12
HIG-13-003 | CMS AN-2013/022, CMS AN-2013/052, CMS AN-2012/453 | 140 | 7 | OVIEDO, ANTWERPEN, ROMA-1, KARLSRUHE-IEKP, MILANO-BICOCCA, CERN, SANTANDER, RAL, NORTHEASTERN, UCLA, CALTECH, UCSD, ZURICH-ETH, #not_found#, LOUVAIN | 15 | 4
HIG-13-004 | CMS AN-2013/011, CMS AN-2013/188, CMS AN-2013/189, CMS AN-2013/206, CMS AN-2013/187, CMS AN-2013/192, CMS AN-2013/178, CMS AN-2013/190, CMS AN-2013/262 | 66 | 9 | LONDON-IC, WISCONSIN, DESY, WARSAW-IEP, MILANO-BICOCCA, CERN, AACHEN-3B, SACLAY, MIT, POLYTECHNIQUE, ZURICH-ETH, WARSAW-INS, BROWN-UNIV, #not_found#, UCDAVIS, KARLSRUHE-IEKP | 16 | 4
HIG-13-005 |  | 0 | 0 |  | 0 | 0
HIG-13-006 | CMS AN-2012/387, CMS AN-2013/038, CMS AN-2013/111 | 34 | 16 | RUTGERS, NORTHWESTERN, DEMOKRITOS, SACLAY, MIT, CHUNGLI-NCU, CALTECH, TALLINN, BROWN-UNIV, #not_found# | 10 | 5
HIG-13-007 | CMS AN-2012/459, CMS AN-2013/121 | 19 | 9 | FLORIDA-UNIV, MISSISSIPPI, BOLOGNA, MOSCOW-MSU, MOSCOW-ITEP, UCSD, AACHEN-1, #not_found#, TIFR-EHEP | 9 | 3
HIG-13-008 | CMS AN-2012/381 | 1 | 0 | #not_found# | 1 | 0
HIG-13-009 | CMS AN-2013/019 | 23 | 0 |  | 0 | 0
HIG-13-010 | CMS AN-2012/411 | 7 | 6 | TEXAS-TAMU, #not_found# | 2 | 1
HIG-13-011 | CMS AN-2012/395 | 11 | 0 |  | 0 | 0
HIG-13-012 | CMS AN-2013/069 | 1 | 0 | #not_found# | 1 | 0
HIG-13-013 | CMS AN-2012/403 | 14 | 0 |  | 0 | 0
HIG-13-014 | CMS AN-2012/371 | 22 | 0 |  | 0 | 0
HIG-13-015 | CMS AN-2012/480 | 5 | 0 |  | 0 | 0
HIG-13-016 | CMS AN-2013/127, CMS AN-2013/137 | 5 | 2 | LONDON-IC, CALTECH, SACLAY, #not_found#, PRINCETON | 5 | 2
HIG-13-017 | CMS AN-2013/084 | 41 | 7 | OVIEDO, ANTWERPEN, ROMA-1, KARLSRUHE-IEKP, MILANO-BICOCCA, CERN, SANTANDER, RAL, NORTHEASTERN, UCLA, CALTECH, UCSD, ZURICH-ETH, #not_found#, LOUVAIN | 15 | 4
HIG-13-018 | CMS AN-2012/123, CMS AN-2013/116 | 35 | 6 | PURDUE, CERN, BRUXELLES-ULB, NORTHEASTERN, LOUVAIN, #not_found# | 6 | 2
HIG-13-019 | CMS AN-2013/130, CMS AN-2013/145 | 64 | 30 | DESY, NOTRE_DAME, OHIO-STATE, KARLSRUHE-IEKP, #not_found#, VIRGINIA-UNIV | 6 | 3
HIG-13-020 | CMS AN-2013/159 | 9 | 4 | CERN, NOTRE_DAME, #not_found#, STRASBOURG | 4 | 1
HIG-13-021 | CMS AN-2013/171 | 1 | 0 | #not_found# | 1 | 0
HIG-13-022 | CMS AN-2013/105, CMS AN-2013/097 | 52 | 7 | OVIEDO, ANTWERPEN, ROMA-1, KARLSRUHE-IEKP, MILANO-BICOCCA, CERN, SANTANDER, RAL, NORTHEASTERN, UCLA, CALTECH, UCSD, ZURICH-ETH, #not_found#, LOUVAIN | 15 | 4
HIG-13-023 | CMS AN-2013/022, CMS AN-2013/052, CMS AN-2013/097, CMS AN-2013/084, CMS AN-2013/105, CMS AN-2013/019, CMS AN-2012/453, CMS AN-2013/096, CMS AN-2012/369, CMS AN-2013/002 | 359 | 29 | OVIEDO, ANTWERPEN, ROMA-1, KARLSRUHE-IEKP, MILANO-BICOCCA, CERN, SANTANDER, RAL, NORTHEASTERN, UCLA, CALTECH, UCSD, ZURICH-ETH, #not_found#, LOUVAIN | 15 | 4
HIG-13-024 | CMS AN-2012/217 | 5 | 0 | BOLOGNA, AACHEN-1 | 2 | 0
HIG-13-025 | CMS AN-2013/065 | 4 | 0 |  | 0 | 0
HIG-13-026 | CMS AN-2012/489 | 6 | 0 |  | 0 | 0
HIG-13-027 |  | 0 | 0 |  | 0 | 0
HIG-13-028 | CMS AN-2013/222 | 1 | 0 | #not_found# | 1 | 0
HIG-13-029 |  | 0 | 0 |  | 0 | 0
HIG-13-030 |  | 0 | 0 |  | 0 | 0
HIN-07-001 | CMS AN-2007/050 | 6 | 0 | MUMBAI-BARC, #not_found# | 2 | 0
HIN-07-002 | CMS AN-2007/051 | 9 | 4 | POLYTECHNIQUE, MIT, FERMILAB, #not_found# | 4 | 2
HIN-07-003 | CMS AN-2007/053 | 3 | 1 | #not_found#, CHICAGO | 2 | 1
HIN-07-004 | CMS AN-2007/054 | 1 | 0 | ADANA-CUKUROVA | 1 | 0
HIN-07-005 | CMS AN-2007/056 | 4 | 0 | MUMBAI-BARC, KOREA-UNIV | 2 | 0
HIN-07-006 |  | 0 | 0 |  | 0 | 0
HIN-08-001 | CMS AN-2009/124 | 6 | 0 |  | 0 | 0
HIN-08-002 |  | 0 | 0 |  | 0 | 0
HIN-08-003 |  | 0 | 0 |  | 0 | 0
HIN-08-004 |  | 0 | 0 |  | 0 | 0
HIN-08-005 |  | 0 | 0 |  | 0 | 0
HIN-10-001 | CMS AN-2010/365 | 4 | 2 | CERN, MIT, #not_found# | 3 | 1
HIN-10-002 | CMS AN-2010/394 | 6 | 6 | KANSAS-UNIV, VANDERBILT, MIT | 3 | 3
HIN-10-003 | CMS AN-2010/412, CMS AN-2010/386 | 29 | 11 | MUMBAI-BARC, IOWA, UCDAVIS, CHICAGO, CERN, MOSCOW-MSU, #not_found#, RUTGERS, POLYTECHNIQUE, RIO-UERJ, KOREA-UNIV, MIT | 12 | 5
HIN-10-004 | CMS AN-2010/399 | 1 | 0 | #not_found# | 1 | 0
HIN-10-005 | CMS AN-2011/101 | 3 | 0 | #not_found# | 1 | 0
HIN-10-006 | CMS AN-2011/062 | 19 | 7 | MUMBAI-BARC, UCDAVIS, PURDUE, MOSCOW-MSU, #not_found#, POLYTECHNIQUE, KOREA-UNIV, FERMILAB | 8 | 3
HIN-11-001 | CMS AN-2011/006 | 1 | 0 | #not_found# | 1 | 0
HIN-11-002 | CMS AN-2011/095 | 7 | 1 | CERN, CHUNGLI-NCU, KOREA-UNIV, MIT | 4 | 1
HIN-11-003 | CMS AN-2011/077, CMS AN-2012/006 | 9 | 2 | RIO-UERJ, #not_found#, KANSAS-UNIV | 3 | 1
HIN-11-004 | CMS AN-2011/121 | 11 | 4 | MARYLAND, #not_found#, KOREA-UNIV, MIT, POLYTECHNIQUE | 5 | 2
HIN-11-005 | CMS AN-2011/122 | 2 | 0 | #not_found# | 1 | 0
HIN-11-006 | CMS AN-2011/118 | 5 | 4 | #not_found#, RICE, MIT, CHICAGO | 4 | 3
HIN-11-007 | CMS AN-2011/062 | 19 | 7 | MUMBAI-BARC, UCDAVIS, PURDUE, MOSCOW-MSU, #not_found#, POLYTECHNIQUE, KOREA-UNIV, FERMILAB | 8 | 3
HIN-11-008 | CMS AN-2011/234 | 1 | 0 |  | 0 | 0
HIN-11-009 | CMS AN-2011/304 | 2 | 0 | #not_found# | 1 | 0
HIN-11-010 | CMS AN-2011/435 | 19 | 12 | MUMBAI-BARC, CHICAGO, KOREA-UNIV, RUTGERS, POLYTECHNIQUE, MARYLAND, #not_found#, MIT | 8 | 4
HIN-11-011 | CMS AN-2011/455 | 21 | 5 | MUMBAI-BARC, UCDAVIS, PURDUE, CERN, CHICAGO, #not_found#, POLYTECHNIQUE, KOREA-UNIV | 8 | 3
HIN-11-012 | CMS AN-2011/436 | 7 | 4 | RICE, UCDAVIS, #not_found#, SAO_PAULO, MIT | 5 | 3
HIN-11-013 | CMS AN-2011/478 | 3 | 2 | MIT, POLYTECHNIQUE | 2 | 1
HIN-12-001 | CMS AN-2011/496 | 1 | 1 | CHICAGO | 1 | 1
HIN-12-002 | CMS AN-2012/355 | 4 | 4 | CERN, VANDERBILT, CHICAGO | 3 | 2
HIN-12-003 | CMS AN-2013/273, CMS AN-2012/126 | 14 | 8 | PURDUE, VANDERBILT, MIT, RUTGERS, POLYTECHNIQUE, #not_found# | 6 | 4
HIN-12-004 | CMS AN-2011/393 | 8 | 7 | RUTGERS, MARYLAND, MUMBAI-BARC, MIT | 4 | 3
HIN-12-005 | CMS AN-2012/125 | 3 | 0 | CERN, #not_found#, POLYTECHNIQUE | 3 | 0
HIN-12-006 | CMS AN-2012/145 | 15 | 0 |  | 0 | 0
HIN-12-007 | CMS AN-2012/118 | 4 | 0 | MUMBAI-BARC, #not_found#, POLYTECHNIQUE | 3 | 0
HIN-12-008 | CMS AN-2012/085 | 4 | 1 | CERN, #not_found#, UCDAVIS, POLYTECHNIQUE | 4 | 1
HIN-12-009 | CMS AN-2012/122 | 3 | 2 | RIO-UERJ, KANSAS-UNIV | 2 | 1
HIN-12-010 | CMS AN-2012/130 | 2 | 2 | RICE, UCDAVIS | 2 | 2
HIN-12-011 | CMS AN-2012/232 | 5 | 4 | KANSAS-UNIV, RICE, VANDERBILT, VINCA | 4 | 3
HIN-12-012 | CMS AN-2012/132 | 1 | 0 | KOREA-UNIV | 1 | 0
HIN-12-013 | CMS AN-2012/030, CMS AN-2013/271 | 8 | 6 | #not_found#, MIT, VANDERBILT, CHICAGO | 4 | 3
HIN-12-014 | CMS AN-2012/246 | 1 | 0 | #not_found# | 1 | 0
HIN-12-015 | CMS AN-2012/352 | 1 | 0 | #not_found# | 1 | 0
HIN-12-016 | CMS AN-2012/404 | 1 | 0 | BUDAPEST | 1 | 0
HIN-12-017 | CMS AN-2012/377 | 5 | 3 | CERN, VANDERBILT, #not_found# | 3 | 1
HIN-13-001 | CMS AN-2012/473 | 1 | 0 | #not_found# | 1 | 0
HIN-13-002 | CMS AN-2013/031 | 12 | 10 | UCDAVIS, PURDUE, VANDERBILT, MIT, KANSAS-UNIV, SAO_PAULO, RICE, #not_found# | 8 | 6
HIN-13-003 | CMS AN-2013/025 | 7 | 1 | #not_found#, MUMBAI-BARC, KOREA-UNIV, UCDAVIS, POLYTECHNIQUE | 5 | 1
HIN-13-004 | CMS AN-2012/085 | 4 | 1 | CERN, #not_found#, UCDAVIS, POLYTECHNIQUE | 4 | 1
HIN-13-005 | CMS AN-2013/261 | 12 | 10 | RUTGERS, MARYLAND, MUMBAI-BARC, MIT, #not_found# | 5 | 3
HIN-13-006 | CMS AN-2013/257 | 7 | 3 | MIT, #not_found#, KOREA-UNIV | 3 | 1
HIN-13-007 | CMS AN-2013/136 | 7 | 0 | CHUNGLI-NCU, MADRID-CIEMAT, #not_found#, POLYTECHNIQUE | 4 | 0
JME-07-001 | CMS AN-2007/041 | 24 | 0 |  | 0 | 0
JME-07-002 | CMS AN-2007/055, CMS AN-2008/031, CMS AN-2008/003 | 26 | 0 |  | 0 | 0
JME-07-003 | CMS AN-2008/001, CMS AN-2008/002 | 28 | 0 |  | 0 | 0
JME-08-001 | CMS AN-2008/041 | 1 | 0 |  | 0 | 0
JME-08-002 | CMS AN-2008/084 | 1 | 0 |  | 0 | 0
JME-08-003 | CMS AN-2008/031 | 2 | 0 |  | 0 | 0
JME-09-001 | CMS AN-2008/069 | 2 | 0 |  | 0 | 0
JME-09-002 | CMS AN-2009/031 | 15 | 4 | LYON, MOSCOW-MSU, LONDON-IC, SACLAY, UCSD, MARYLAND, #not_found#, FERMILAB | 8 | 3
JME-09-003 | CMS AN-2009/035 | 4 | 0 |  | 0 | 0
JME-09-004 |  | 0 | 0 |  | 0 | 0
JME-09-005 | CMS AN-2009/004 | 2 | 0 |  | 0 | 0
JME-09-006 | CMS AN-2008/089 | 1 | 1 | BROWN-UNIV | 1 | 1
JME-09-007 | CMS AN-2009/061, CMS AN-2009/046 | 7 | 0 |  | 0 | 0
JME-09-008 | CMS AN-2009/087 | 2 | 0 |  | 0 | 0
JME-09-009 |  | 0 | 0 |  | 0 | 0
JME-09-010 | CMS AN-2009/022, CMS AN-2008/089 | 17 | 1 | BROWN-UNIV | 1 | 1
JME-10-001 | CMS AN-2010/009, CMS AN-2010/019 | 15 | 0 |  | 0 | 0
JME-10-002 | CMS AN-2010/028, CMS AN-2010/029, CMS AN-2010/025 | 49 | 1 | CALTECH | 1 | 1
JME-10-003 | CMS AN-2010/139, CMS AN-2010/121, CMS AN-2010/134, CMS AN-2010/104, CMS AN-2010/150, CMS AN-2010/151, CMS AN-2010/141 | 31 | 2 | SUNY-BUFFALO | 1 | 1
JME-10-004 | CMS AN-2010/133, CMS AN-2010/131, CMS AN-2010/110, CMS AN-2010/111, CMS AN-2010/219, CMS AN-2010/113, CMS AN-2010/025, CMS AN-2010/180, CMS AN-2010/165, CMS AN-2010/142, CMS AN-2010/048 | 41 | 9 | LIVERMORE, TEXAS-TECH, CORNELL, HAMBURG-UNIV, PEKING-UNIV, HEPHY, CALTECH, UCRIVERSIDE, TAIPEI-NTU, BRUSSEL-VUB, AACHEN-1, #not_found# | 12 | 5
JME-10-005 | CMS AN-2010/132, CMS AN-2010/133, CMS AN-2010/131, CMS AN-2010/176, CMS AN-2010/118, CMS AN-2010/202, CMS AN-2010/197 | 32 | 9 | BROWN-UNIV, WISCONSIN, DESY, TEXAS-TECH, CORNELL, HAMBURG-UNIV, PEKING-UNIV, MADRID-CIEMAT, SACLAY, RIO-UERJ, GHENT, MARYLAND, BRUSSEL-VUB, AACHEN-1, #not_found#, PADOVA | 16 | 5
JME-10-006 | CMS AN-2010/015, CMS AN-2010/079 | 13 | 0 |  | 0 | 0
JME-10-007 | CMS AN-2010/183 | 1 | 0 | #not_found# | 1 | 0
JME-10-008 | CMS AN-2010/181, CMS AN-2010/179, CMS AN-2010/072, CMS AN-2010/070 | 25 | 5 | SOFIA-INRNE, NORTHWESTERN, LYON, TEXAS-TECH, TRIESTE, MOSCOW-MSU, LONDON-IC, CARNEGIE-MELLON, MOSCOW-ITEP, #not_found#, FERMILAB | 11 | 4
JME-10-009 | CMS AN-2011/041, CMS AN-2010/408, CMS AN-2010/400, CMS AN-2010/142, CMS AN-2010/396, CMS AN-2010/111, CMS AN-2010/432, CMS AN-2010/354, CMS AN-2010/383, CMS AN-2010/359, CMS AN-2010/366, CMS AN-2010/398 | 64 | 22 | TORINO, CORNELL, HAMBURG-UNIV, VANDERBILT, CALTECH, POLYTECHNIQUE, BROWN-UNIV, PURDUE, PRINCETON, GHENT, MARYLAND, UCRIVERSIDE, CHANDIGARH, LIVERMORE, TEXAS-TECH, CHICAGO, BAYLOR-UNIV, TEXAS-TAMU, LYON, CERN, ZURICH-ETH, MILANO-BICOCCA, UCSB, BRUSSEL-VUB, AACHEN-1, #not_found# | 26 | 14
JME-10-010 | CMS AN-2010/139, CMS AN-2010/304 | 9 | 2 | ZURICH-ETH, ROMA-1, BOGAZICI, TEXAS-TAMU, #not_found#, HELSINKI-UNIV | 6 | 1
JME-10-011 | CMS AN-2011/068, CMS AN-2011/105, CMS AN-2011/106, CMS AN-2011/004 | 23 | 7 | KARLSRUHE-IEKP, CERN, ZURICH-ETH, ROMA-1, SUNY-BUFFALO, BOGAZICI, HELSINKI-UNIV, #not_found#, FERMILAB, TEXAS-TAMU | 10 | 3
JME-10-012 |  | 0 | 0 |  | 0 | 0
JME-10-013 | CMS AN-2010/330 | 35 | 0 |  | 0 | 0
JME-10-014 | CMS AN-2010/371, CMS AN-2010/341, CMS AN-2010/421, CMS AN-2011/004 | 16 | 3 | ROCHESTER, ZURICH-ETH, ROMA-1, ROCKEFELLER, HELSINKI-UNIV, IOWA, #not_found# | 7 | 3
JME-12-001 | CMS AN-2012/074 | 2 | 0 |  | 0 | 0
JME-12-002 | CMS AN-2012/306, CMS AN-2012/226, CMS AN-2012/268, CMS AN-2012/337, CMS AN-2012/341, CMS AN-2012/333 | 23 | 9 | OHIO-STATE, CERN, PEKING-UNIV, BAYLOR-UNIV, ATHENS, CALTECH, TEXAS-TAMU, MARYLAND, #not_found#, POLYTECHNIQUE | 10 | 5
JME-13-001 | CMS AN-2012/424 | 2 | 0 | ZURICH-ETH | 1 | 0
JME-13-002 | CMS AN-2012/281 | 8 | 0 | ANTWERPEN, ROMA-1, PISA, ZURICH-ETH, #not_found# | 5 | 0
JME-13-003 |  | 0 | 0 |  | 0 | 0
JME-13-004 |  | 0 | 0 |  | 0 | 0
JME-13-005 | CMS AN-2013/186 | 5 | 1 | CERN, UCRIVERSIDE, #not_found# | 3 | 1
JME-13-006 | CMS AN-2013/072 | 3 | 2 | CERN, JOHNS-HOPKINS, FERMILAB | 3 | 2
JME-13-007 | CMS AN-2013/029 | 14 | 8 | HAMBURG-UNIV, JOHNS-HOPKINS, #not_found#, UCDAVIS, SUNY-BUFFALO | 5 | 3
LUM-12-001 | CMS AN-2012/174 | 8 | 7 | CERN, NORTHWESTERN, WISCONSIN, PRINCETON | 4 | 3
LUM-12-002 |  | 0 | 0 |  | 0 | 0
LUM-12-003 | CMS AN-2012/304 | 1 | 1 | PRINCETON | 1 | 1
LUM-12-004 |  | 0 | 0 |  | 0 | 0
LUM-13-001 | CMS AN-2012/174, CMS AN-2012/304 | 9 | 8 | CERN, NORTHWESTERN, WISCONSIN, PRINCETON | 4 | 3
LUM-13-002 | CMS AN-2013/270 | 7 | 5 | WISCONSIN, KARLSRUHE-IEKP, PRINCETON | 3 | 2
LUM-13-003 | CMS AN-2013/023, CMS AN-2013/296 | 9 | 2 | KYUNGPOOK, NORTHWESTERN, KOREA-UNIV, #not_found#, PURDUE | 5 | 2
MUO-08-001 | CMS AN-2008/097 | 34 | 0 |  | 0 | 0
MUO-08-002 |  | 0 | 0 |  | 0 | 0
MUO-08-003 | CMS AN-2008/098 | 11 | 0 |  | 0 | 0
MUO-08-004 |  | 0 | 0 |  | 0 | 0
MUO-08-005 |  | 0 | 0 |  | 0 | 0
MUO-09-001 | CMS AN-2009/102 | 16 | 0 |  | 0 | 0
MUO-10-001 | CMS AN-2009/190, CMS AN-2010/011, CMS AN-2010/013, CMS AN-2009/102 | 37 | 0 | CERN, BOLOGNA, MADRID-CIEMAT, #not_found#, SANTANDER | 5 | 0
MUO-10-002 | CMS AN-2010/211 | 1 | 0 | #not_found# | 1 | 0
MUO-10-003 |  | 0 | 0 |  | 0 | 0
MUO-10-004 | CMS AN-2010/059, CMS AN-2010/111, CMS AN-2011/166, CMS AN-2010/105, CMS AN-2011/084 | 27 | 2 | PURDUE, CERN, NORTHEASTERN, LOUVAIN, RIO-UERJ, #not_found# | 6 | 2
MUO-11-001 | CMS AN-2011/316 | 5 | 1 | BOLOGNA, #not_found#, MADRID-CIEMAT, UCLA, GHENT | 5 | 1
MUO-13-001 | CMS AN-2012/482 | 5 | 0 | SKK-UNIV | 1 | 0
PFT-08-001 | CMS AN-2008/043 | 1 | 0 | #not_found# | 1 | 0
PFT-09-001 | CMS AN-2009/039 | 1 | 0 | #not_found# | 1 | 0
PFT-09-004 |  | 0 | 0 |  | 0 | 0
PFT-09-005 |  | 0 | 0 |  | 0 | 0
PFT-10-001 | CMS AN-2010/031, CMS AN-2010/034 | 20 | 4 | WISCONSIN, MILANO-BICOCCA, CERN, ZURICH-ETH, PURDUE, CHICAGO, POLYTECHNIQUE, TAIPEI-NTU, UCRIVERSIDE, #not_found#, HELSINKI-UNIV | 11 | 4
PFT-10-002 | CMS AN-2010/154 | 12 | 2 | WARSAW-IEP, STRASBOURG, MILANO-BICOCCA, CERN, ZURICH-ETH, CHICAGO, POLYTECHNIQUE, TAIPEI-NTU, UCRIVERSIDE, #not_found#, HELSINKI-UNIV | 11 | 2
PFT-10-003 | CMS AN-2010/210, CMS AN-2010/034 | 18 | 2 | PURDUE, WARSAW-IEP, MILANO-BICOCCA, CERN, ZURICH-ETH, ROMA-1, POLYTECHNIQUE, #not_found#, FERMILAB | 9 | 2
PFT-10-004 | CMS AN-2010/082, CMS AN-2010/192, CMS AN-2010/099, CMS AN-2010/207 | 9 | 2 | #not_found#, UCDAVIS, POLYTECHNIQUE | 3 | 1
PFT-10-005 |  | 0 | 0 |  | 0 | 0
PFT-11-001 |  | 0 | 0 |  | 0 | 0
PRF-12-001 |  | 0 | 0 |  | 0 | 0
PRF-13-001 |  | 0 | 0 |  | 0 | 0
QCD-07-001 | CMS AN-2007/021 | 2 | 0 |  | 0 | 0
QCD-07-002 | CMS AN-2007/017 | 3 | 2 | #not_found#, CHICAGO | 2 | 1
QCD-07-003 | CMS AN-2007/034 | 4 | 1 | PERUGIA, FLORIDA-UNIV, TAIPEI-NTU, #not_found# | 4 | 1
QCD-08-001 | CMS AN-2009/033, CMS AN-2009/058, CMS AN-2009/034 | 14 | 2 | CHANDIGARH, KARLSRUHE-IEKP, PRINCETON, CERN, #not_found#, FERMILAB | 6 | 2
QCD-08-002 | CMS AN-2008/030 | 2 | 0 |  | 0 | 0
QCD-08-003 | CMS AN-2008/027 | 3 | 0 | CERN, ZURICH-ETH, #not_found# | 3 | 0
QCD-08-004 | CMS AN-2008/018 | 2 | 0 |  | 0 | 0
QCD-08-005 | CMS AN-2008/024 | 3 | 3 | ROCHESTER, ROCKEFELLER, CHICAGO | 3 | 3
QCD-09-001 | CMS AN-2009/073 | 3 | 0 |  | 0 | 0
QCD-09-002 | CMS AN-2009/076 | 6 | 3 | POLYTECHNIQUE, MIT, #not_found# | 3 | 1
QCD-09-003 | CMS AN-2009/104 | 3 | 0 |  | 0 | 0
QCD-09-004 | CMS AN-2009/161 | 2 | 0 |  | 0 | 0
QCD-09-005 |  | 0 | 0 |  | 0 | 0
QCD-09-006 | CMS AN-2009/145, CMS AN-2009/070 | 0 | 0 |  | 0 | 0
QCD-09-007 |  | 0 | 0 |  | 0 | 0
QCD-09-008 |  | 0 | 0 |  | 0 | 0
QCD-09-009 |  | 0 | 0 |  | 0 | 0
QCD-09-010 | CMS AN-2009/182 | 17 | 4 | ANTWERPEN, BUDAPEST, BRUSSEL-VUB, CERN, MIT, #not_found#, POLYTECHNIQUE, RICE, KOREA-UNIV | 9 | 2
QCD-10-001 | CMS AN-2010/018 | 16 | 0 |  | 0 | 0
QCD-10-002 | CMS AN-2010/012 | 5 | 4 | RICE, MIT, #not_found#, CHICAGO | 4 | 3
QCD-10-003 | CMS AN-2010/054 | 4 | 0 |  | 0 | 0
QCD-10-004 | CMS AN-2010/095 | 6 | 0 | ANTWERPEN, #not_found# | 2 | 0
QCD-10-005 | CMS AN-2010/103 | 11 | 0 |  | 0 | 0
QCD-10-006 | CMS AN-2010/069 | 13 | 4 | BUDAPEST, CERN, MIT, #not_found#, POLYTECHNIQUE, RICE, KOREA-UNIV | 7 | 2
QCD-10-007 | CMS AN-2010/144, CMS AN-2010/084 | 5 | 2 | CERN, COLORADO, #not_found# | 3 | 1
QCD-10-008 | CMS AN-2010/117 | 7 | 2 | RICE, #not_found#, MIT | 3 | 2
QCD-10-009 |  | 0 | 0 |  | 0 | 0
QCD-10-010 | CMS AN-2010/112 | 10 | 3 | FLORIDA-UNIV, ANTWERPEN, TAIPEI-NTU, #not_found#, UCSD | 5 | 2
QCD-10-011 | CMS AN-2010/109, CMS AN-2010/107, CMS AN-2010/087, CMS AN-2010/439, CMS AN-2010/128 | 57 | 15 | PISA, LONDON-IC, FLORIDA-FIU, KARLSRUHE-IEKP, CHICAGO, CERN, ZURICH-ETH, MOSCOW-MSU, TENNESSEE, FLORIDA-STATE, ATHENS, BOGAZICI, RUTGERS, BOSTON-UNIV, HELSINKI-UNIV, #not_found#, FERMILAB | 17 | 7
QCD-10-012 | CMS AN-2010/092 | 3 | 0 |  | 0 | 0
QCD-10-013 | CMS AN-2010/127, CMS AN-2010/100 | 7 | 1 | CERN, UCLA, #not_found#, TIFR-EHEP | 4 | 1
QCD-10-014 | CMS AN-2010/098, CMS AN-2010/123 | 12 | 3 | CHICAGO, BAYLOR-UNIV, MOSCOW-MSU, ROCKEFELLER, MOSCOW-ITEP, #not_found# | 6 | 3
QCD-10-015 | CMS AN-2010/125, CMS AN-2010/124 | 8 | 3 | CERN, NEBRASKA, #not_found#, CHICAGO | 4 | 2
QCD-10-016 | CMS AN-2010/348 | 6 | 0 |  | 0 | 0
QCD-10-017 | CMS AN-2010/108 | 19 | 9 | LYON, ROCHESTER, TEXAS-TECH, CERN, BOGAZICI, RUTGERS, BOSTON-UNIV, ADANA-CUKUROVA, IOWA, BROWN-UNIV, #not_found#, FERMILAB | 12 | 7
QCD-10-019 | CMS AN-2010/272, CMS AN-2010/268 | 34 | 10 | CERN, NOTRE_DAME, ZAGREB-RUDJER, SACLAY, MINNESOTA, FLORIDA-FIU, LIP, UCSD, MARYLAND, #not_found#, FERMILAB, DELHI-UNIV | 12 | 6
QCD-10-020 | CMS AN-2010/155 | 10 | 4 | WISCONSIN, UCDAVIS, FLORIDA-FIU, DELHI-UNIV, #not_found#, FERMILAB | 6 | 4
QCD-10-021 | CMS AN-2011/338 | 6 | 0 | #not_found#, KARLSRUHE-IEKP | 2 | 0
QCD-10-022 | CMS AN-2010/303 | 3 | 0 | TRIESTE, #not_found# | 2 | 0
QCD-10-023 | CMS AN-2010/239 | 4 | 0 |  | 0 | 0
QCD-10-024 | CMS AN-2010/285 | 2 | 2 | NORTHWESTERN | 1 | 1
QCD-10-025 | CMS AN-2010/278 | 1 | 0 |  | 0 | 0
QCD-10-026 | CMS AN-2010/343 | 3 | 0 |  | 0 | 0
QCD-10-027 | CMS AN-2010/280 | 2 | 2 | NORTHWESTERN | 1 | 1
QCD-10-028 |  | 0 | 0 |  | 0 | 0
QCD-10-029 | CMS AN-2010/463 | 6 | 2 | ADANA-CUKUROVA, BAYLOR-UNIV, #not_found#, CHICAGO | 4 | 2
QCD-10-030 | CMS AN-2010/143 | 1 | 0 | BUDAPEST | 1 | 0
QCD-10-031 |  | 0 | 0 |  | 0 | 0
QCD-10-032 | CMS AN-2011/493 | 4 | 0 | ANTWERPEN | 1 | 0
QCD-10-033 | CMS AN-2011/128 | 3 | 3 | WISCONSIN, FERMILAB | 2 | 2
QCD-10-034 |  | 0 | 0 |  | 0 | 0
QCD-10-035 | CMS AN-2011/032, CMS AN-2011/072, CMS AN-2011/071 | 28 | 0 | OVIEDO, LYON, ZURICH-ETH, SACLAY, BEIJING-IHEP, #not_found# | 6 | 0
QCD-10-036 |  | 0 | 0 |  | 0 | 0
QCD-10-037 | CMS AN-2011/067, CMS AN-2010/292, CMS AN-2011/066, CMS AN-2010/458, CMS AN-2011/033, CMS AN-2010/289, CMS AN-2011/089, CMS AN-2011/075 | 29 | 7 | NOTRE_DAME, ZAGREB-RUDJER, SACLAY, MARYLAND, CHUNGLI-NCU, CALTECH, UCSD, TAIPEI-NTU, KOREA-UNIV, MIT, #not_found# | 11 | 5
QCD-10-038 |  | 0 | 0 |  | 0 | 0
QCD-10-039 |  | 0 | 0 |  | 0 | 0
QCD-10-040 | CMS AN-2010/355 | 5 | 0 |  | 0 | 0
QCD-10-041 | CMS AN-2010/252 | 3 | 0 | CHANDIGARH, #not_found#, KARLSRUHE-IEKP | 3 | 0
QCD-11-001 |  | 0 | 0 |  | 0 | 0
QCD-11-002 | CMS AN-2011/061 | 4 | 0 | CERN, DESY, #not_found# | 3 | 0
QCD-11-003 | CMS AN-2012/031 | 5 | 0 | KARLSRUHE-IEKP, IOANNINA, #not_found# | 3 | 0
QCD-11-004 | CMS AN-2011/362, CMS AN-2011/462 | 14 | 0 | KARLSRUHE-IEKP, CERN, ATHENS, NICOSIA-UNIV, BOGAZICI, #not_found#, HELSINKI-UNIV, KOLKATA-SAHA, TIFR-EHEP | 9 | 0
QCD-11-005 | CMS AN-2011/331, CMS AN-2011/314 | 2 | 0 |  | 0 | 0
QCD-11-006 | CMS AN-2013/161 | 3 | 0 |  | 0 | 0
QCD-11-007 |  | 0 | 0 |  | 0 | 0
QCD-11-008 |  | 0 | 0 |  | 0 | 0
QCD-11-009 |  | 0 | 0 |  | 0 | 0
QCD-11-010 | CMS AN-2011/280 | 3 | 0 | BRUXELLES-ULB, #not_found# | 2 | 0
QCD-11-011 | CMS AN-2011/349 | 5 | 2 | FLORIDA-UNIV, TAIPEI-NTU, #not_found# | 3 | 1
QCD-11-012 | CMS AN-2011/384 | 5 | 0 | CHANDIGARH, TIFR-EHEP, #not_found#, ANTWERPEN | 4 | 0
SBM-07-001 | CMS AN-2007/039 | 8 | 0 |  | 0 | 0
SBM-07-002 | CMS AN-2007/038 | 25 | 0 |  | 0 | 0
SMP-12-001 | CMS AN-2011/412 | 4 | 0 |  | 0 | 0
SMP-12-002 | CMS AN-2012/300 | 8 | 0 |  | 0 | 0
SMP-12-003 | CMS AN-2012/133, CMS AN-2012/303, CMS AN-2012/308, CMS AN-2012/046, CMS AN-2012/003 | 17 | 0 | LONDON-IC, TORINO, LOUVAIN, #not_found# | 4 | 0
SMP-12-004 | CMS AN-2011/497, CMS AN-2012/135, CMS AN-2012/037, CMS AN-2012/230 | 20 | 4 | TEXAS-TECH, ZAGREB-RUDJER, KANSAS-STATE, CHUNGLI-NCU, FLORIDA-FIU, #not_found# | 6 | 3
SMP-12-005 | CMS AN-2012/061, CMS AN-2012/163, CMS AN-2012/161, CMS AN-2012/036 | 165 | 12 | OVIEDO, ANTWERPEN, ROMA-1, MILANO-BICOCCA, CERN, ZURICH-ETH, RAL, NORTHEASTERN, UCLA, CALTECH, UCSD, SANTANDER, #not_found#, LOUVAIN | 14 | 4
SMP-12-006 | CMS AN-2012/097, CMS AN-2013/093, CMS AN-2012/090 | 47 | 5 | OVIEDO, ROMA-1, SANTANDER, ZAGREB-RUDJER, CALTECH, BOSTON-UNIV, #not_found# | 7 | 2
SMP-12-007 | CMS AN-2012/107 | 1 | 0 |  | 0 | 0
SMP-12-008 | CMS AN-2012/056 | 3 | 3 | PRINCETON | 1 | 1
SMP-12-009 | CMS AN-2012/054 | 15 | 14 | FLORIDA-UNIV, NOTRE_DAME, BROWN-UNIV, WISCONSIN, BEIJING-IHEP | 5 | 4
SMP-12-010 | CMS AN-2012/109 | 3 | 0 | LYON, SEOUL-UNIV | 2 | 0
SMP-12-011 | CMS AN-2012/067 | 1 | 0 |  | 0 | 0
SMP-12-012 | CMS AN-2012/223 | 8 | 0 | CERN, ADANA-CUKUROVA, BOGAZICI, KARLSRUHE-IEKP, TIFR-EHEP | 5 | 0
SMP-12-013 | CMS AN-2012/228, CMS AN-2012/194 | 87 | 7 | OVIEDO, ANTWERPEN, ROMA-1, MILANO-BICOCCA, CERN, SANTANDER, RAL, NORTHEASTERN, UCLA, CALTECH, UCSD, ZURICH-ETH, #not_found#, LOUVAIN | 14 | 4
SMP-12-014 | CMS AN-2012/141, CMS AN-2012/114 | 81 | 34 | KARLSRUHE-IEKP, CALTECH, POLYTECHNIQUE, BEIJING-IHEP, BARI, BROWN-UNIV, MIT, NORTHWESTERN, PURDUE, SPLIT-UNIV, BOLOGNA, FERMILAB, FLORIDA-UNIV, BRUXELLES-ULB, JOHNS-HOPKINS, SPLIT-FESB, WISCONSIN, CERN, ZURICH-ETH, NOTRE_DAME, TORINO, FLORIDA-STATE, KOLKATA-SAHA, UCSD, #not_found# | 25 | 12
SMP-12-015 | CMS AN-2012/224 | 30 | 15 | TEXAS-TECH, PRINCETON, PEKING-UNIV, FLORIDA-TECH, WAYNE, DELHI-UNIV, RIO-UERJ, #not_found#, FERMILAB, TEXAS-TAMU | 10 | 6
SMP-12-016 | CMS AN-2012/148 | 12 | 0 |  | 0 | 0
SMP-12-017 | CMS AN-2012/033, CMS AN-2012/376 | 18 | 3 | WISCONSIN, CHICAGO, ZAGREB-RUDJER, TRIESTE, #not_found#, FERMILAB | 6 | 3
SMP-12-018 |  | 0 | 0 |  | 0 | 0
SMP-12-019 | CMS AN-2012/136, CMS AN-2012/137 | 13 | 10 | UCDAVIS, CERN, SUNY-BUFFALO, JOHNS-HOPKINS, #not_found#, FERMILAB | 6 | 4
SMP-12-020 | CMS AN-2011/108, CMS AN-2012/093 | 31 | 11 | TEXAS-TECH, UCDAVIS, KOLKATA-SAHA, FLORIDA-STATE, #not_found#, KANSAS-STATE, FERMILAB | 7 | 5
SMP-12-021 | CMS AN-2013/312, CMS AN-2012/153 | 7 | 0 | #not_found#, DESY | 2 | 0
SMP-12-022 | CMS AN-2013/079 | 6 | 0 | VISVA-BHARATI, #not_found#, TIFR-EHEP | 3 | 0
SMP-12-023 | CMS AN-2012/331 | 3 | 2 | NORTHEASTERN, #not_found# | 2 | 1
SMP-12-024 | CMS AN-2012/141, CMS AN-2012/228, CMS AN-2012/114, CMS AN-2012/194 | 168 | 41 | OVIEDO, ROMA-1, KARLSRUHE-IEKP, SANTANDER, NORTHEASTERN, CALTECH, POLYTECHNIQUE, BEIJING-IHEP, BARI, MILANO-BICOCCA, BROWN-UNIV, MIT, NORTHWESTERN, PURDUE, RAL, SPLIT-UNIV, BOLOGNA, FERMILAB, FLORIDA-UNIV, BRUXELLES-ULB, JOHNS-HOPKINS, SPLIT-FESB, ANTWERPEN, WISCONSIN, CERN, ZURICH-ETH, NOTRE_DAME, TORINO, UCLA, FLORIDA-STATE, KOLKATA-SAHA, UCSD, #not_found#, LOUVAIN | 34 | 14
SMP-12-025 | CMS AN-2012/225 | 8 | 4 | FLORIDA-UNIV, #not_found#, FERMILAB, TIFR-EHEP | 4 | 2
SMP-12-026 | CMS AN-2012/274 | 7 | 6 | WISCONSIN, #not_found# | 2 | 1
SMP-12-027 | CMS AN-2013/046 | 3 | 0 | KARLSRUHE-IEKP | 1 | 0
SMP-12-028 | CMS AN-2013/042, CMS AN-2011/462 | 17 | 0 | KARLSRUHE-IEKP, KOLKATA-SAHA, CERN, IOANNINA, BOGAZICI, HELSINKI-UNIV, TIFR-EHEP, #not_found#, DESY | 9 | 0
SMP-13-001 | CMS AN-2013/034, CMS AN-2012/485 | 13 | 0 |  | 0 | 0
SMP-13-002 | CMS AN-2013/039 | 10 | 1 | LYON, DESY, CERN, UCLA, BOGAZICI, HELSINKI-UNIV, TIFR-EHEP, KARLSRUHE-IEKP | 8 | 1
SMP-13-003 | CMS AN-2011/525, CMS AN-2012/063 | 49 | 27 | FLORIDA-UNIV, NORTHWESTERN, DUBNA, ROCHESTER, KARLSRUHE-IEKP, PURDUE, CERN, RAL, UCLA, VILNIUS-UNIV, CALTECH, NEBRASKA, ISLAMABAD-NCP, #not_found#, MIT, FERMILAB, TIFR-EHEP | 17 | 9
SMP-13-004 | CMS AN-2012/133, CMS AN-2012/303, CMS AN-2012/046, CMS AN-2012/308 | 13 | 0 | LONDON-IC, TORINO, LOUVAIN, #not_found# | 4 | 0
SMP-13-005 | CMS AN-2013/007, CMS AN-2013/134, CMS AN-2013/003 | 12 | 3 | BARI, BRUXELLES-ULB, WISCONSIN, KOLKATA-SAHA, #not_found# | 5 | 1
SMP-13-006 | CMS AN-2013/023 | 8 | 1 | KYUNGPOOK, KOREA-UNIV, #not_found#, PURDUE | 4 | 1
SMP-13-007 | CMS AN-2013/049, CMS AN-2013/224 | 8 | 1 | GHENT, BRUXELLES-ULB, #not_found#, TEXAS-TECH, ANKARA-METU | 5 | 1
SMP-13-008 | CMS AN-2012/464 | 31 | 15 | TEXAS-TECH, PRINCETON, PEKING-UNIV, FLORIDA-TECH, WAYNE, DELHI-UNIV, RIO-UERJ, RIO-CBPF, #not_found#, FERMILAB, TEXAS-TAMU | 11 | 6
SMP-13-009 | CMS AN-2012/479 | 34 | 16 | TEXAS-TECH, PRINCETON, PEKING-UNIV, FLORIDA-TECH, WAYNE, DELHI-UNIV, RIO-UERJ, RIO-CBPF, #not_found#, FERMILAB, TEXAS-TAMU | 11 | 6
SMP-13-010 | CMS AN-2013/175, CMS AN-2013/180, CMS AN-2013/183 | 6 | 2 | CERN, ROCHESTER, #not_found# | 3 | 1
SMP-13-011 | CMS AN-2013/069 | 1 | 0 | #not_found# | 1 | 0
SMP-13-012 | CMS AN-2013/123 | 5 | 3 | PEKING-UNIV, FERMILAB | 2 | 1
SMP-13-013 | CMS AN-2013/175 | 3 | 0 | CERN, #not_found# | 2 | 0
SUS-08-001 | CMS AN-2008/038 | 2 | 0 | LONDON-IC, #not_found# | 2 | 0
SUS-08-002 | CMS AN-2008/036 | 6 | 3 | CERN, UCSB, #not_found#, BRUSSEL-VUB | 4 | 1
SUS-08-003 | CMS AN-2008/035 | 5 | 0 | LIP, LONDON-IC, WARSAW-INS, #not_found# | 4 | 0
SUS-08-004 | CMS AN-2008/034 | 8 | 0 | AACHEN-3A, #not_found# | 2 | 0
SUS-08-005 | CMS AN-2008/071 | 5 | 0 | CERN, #not_found#, IOANNINA | 3 | 0
SUS-08-006 |  | 0 | 0 |  | 0 | 0
SUS-08-007 | CMS AN-2008/108 | 1 | 0 |  | 0 | 0
SUS-09-001 | CMS AN-2009/056 | 7 | 1 | CERN, LONDON-IC, IOWA, #not_found# | 4 | 1
SUS-09-002 | CMS AN-2009/083 | 1 | 0 |  | 0 | 0
SUS-09-003 | CMS AN-2009/077 | 6 | 0 | HAMBURG-UNIV, #not_found#, AACHEN-1, KARLSRUHE-IEKP, DESY | 5 | 0
SUS-09-004 | CMS AN-2009/094 | 9 | 9 | COLORADO, FLORIDA-STATE, KANSAS-UNIV, RUTGERS, UCRIVERSIDE, VIRGINIA-UNIV | 6 | 6
SUS-10-001 | CMS AN-2010/164, CMS AN-2010/169, CMS AN-2010/168, CMS AN-2010/159, CMS AN-2010/170, CMS AN-2010/119, CMS AN-2010/160, CMS AN-2010/156, CMS AN-2010/157, CMS AN-2010/163, CMS AN-2010/167, CMS AN-2010/166 | 89 | 17 | AACHEN-1, LONDON-IC, ROCHESTER, COLORADO, UCDAVIS, CERN, HAMBURG-UNIV, DESY, FLORIDA-STATE, KANSAS-UNIV, RUTGERS, KARLSRUHE-IEKP, BROWN-UNIV, UCRIVERSIDE, #not_found#, VIRGINIA-UNIV | 16 | 9
SUS-10-002 | CMS AN-2010/271, CMS AN-2010/222, CMS AN-2009/094, CMS AN-2010/168 | 64 | 32 | COLORADO, UCDAVIS, FLORIDA-STATE, KANSAS-UNIV, RUTGERS, TEXAS-TAMU, UCRIVERSIDE, #not_found#, VIRGINIA-UNIV | 9 | 8
SUS-10-003 | CMS AN-2009/155, CMS AN-2010/242, CMS AN-2009/040, CMS AN-2010/338, CMS AN-2010/010, CMS AN-2008/071, CMS AN-2008/114 | 41 | 5 | LYON, ROCHESTER, DESY, CERN, ZURICH-ETH, IOANNINA, LONDON-IC, ATHENS, HAMBURG-UNIV, BROWN-UNIV, AACHEN-1, #not_found# | 12 | 2
SUS-10-004 | CMS AN-2010/257, CMS AN-2010/300, CMS AN-2010/247, CMS AN-2010/378, CMS AN-2010/379, CMS AN-2010/372, CMS AN-2010/375 | 114 | 26 | FLORIDA-UNIV, CERN, ZURICH-ETH, NOTRE_DAME, #not_found#, SANTANDER, TEXAS-TAMU, BEIJING-IHEP, CATANIA, IPM, PEKING-UNIV | 11 | 3
SUS-10-005 | CMS AN-2010/417, CMS AN-2011/034, CMS AN-2010/404, CMS AN-2010/402, CMS AN-2010/403, CMS AN-2010/401, CMS AN-2010/422, CMS AN-2010/392, CMS AN-2010/421, CMS AN-2010/354, CMS AN-2010/391, CMS AN-2010/341, CMS AN-2010/383, CMS AN-2010/203, CMS AN-2010/204, CMS AN-2011/012 | 101 | 37 | IOWA, HAMBURG-UNIV, VANDERBILT, POLYTECHNIQUE, BARI, MILANO-BICOCCA, PURDUE, GHENT, FERMILAB, ROCHESTER, PRINCETON, BAYLOR-UNIV, ROCKEFELLER, TEXAS-TAMU, LYON, CERN, ZURICH-ETH, TORINO, UCSB, UCSD, BRUSSEL-VUB, AACHEN-1, #not_found# | 23 | 11
SUS-10-006 | CMS AN-2010/419 | 15 | 0 |  | 0 | 0
SUS-10-007 | CMS AN-2010/370, CMS AN-2010/373 | 26 | 0 |  | 0 | 0
SUS-10-008 | CMS AN-2010/302, CMS AN-2011/083, CMS AN-2010/231, CMS AN-2010/159, CMS AN-2010/269, CMS AN-2010/296 | 39 | 19 | KARLSRUHE-IEKP, UCDAVIS, HAMBURG-UNIV, RUTGERS, ZURICH-ETH, AACHEN-1, #not_found#, FERMILAB, COLORADO | 9 | 4
SUS-10-009 | CMS AN-2010/288 | 4 | 0 |  | 0 | 0
SUS-10-010 | CMS AN-2010/377 | 33 | 3 | FLORIDA-UNIV, CHICAGO, CERN, SANTANDER, IPM, ZURICH-ETH, CATANIA, UCRIVERSIDE, #not_found# | 9 | 3
SUS-10-011 | CMS AN-2010/338 | 3 | 0 |  | 0 | 0
SUS-10-012 | CMS AN-2011/022 | 1 | 0 |  | 0 | 0
SUS-11-001 | CMS AN-2011/043, CMS AN-2010/242 | 20 | 4 | CERN, LONDON-IC, BROWN-UNIV, ROCHESTER, #not_found# | 5 | 2
SUS-11-002 | CMS AN-2010/467 | 4 | 3 | RUTGERS, #not_found# | 2 | 1
SUS-11-003 | CMS AN-2011/244 | 10 | 2 | CERN, LONDON-IC, BROWN-UNIV, ROCHESTER, #not_found# | 5 | 2
SUS-11-004 | CMS AN-2011/313, CMS AN-2011/247, CMS AN-2011/398, CMS AN-2011/188, CMS AN-2011/491 | 19 | 10 | HEPHY, TEXAS-TECH, CHICAGO, CERN, HAMBURG-UNIV, BAYLOR-UNIV, ATHENS, ROCKEFELLER, FLORIDA-FIU, TEXAS-TAMU, #not_found# | 11 | 6
SUS-11-005 | CMS AN-2011/277 | 7 | 0 |  | 0 | 0
SUS-11-006 | CMS AN-2011/257, CMS AN-2011/409 | 24 | 17 | COLORADO, CERN, HAMBURG-UNIV, FLORIDA-STATE, CORNELL, UCSB, BRISTOL, UCRIVERSIDE, #not_found# | 9 | 5
SUS-11-007 | CMS AN-2011/164, CMS AN-2011/272 | 13 | 7 | #not_found#, TEXAS-TAMU, VANDERBILT | 3 | 2
SUS-11-008 | CMS AN-2011/495, CMS AN-2011/233, CMS AN-2011/219 | 21 | 8 | CERN, CORNELL, CALTECH, #not_found# | 4 | 2
SUS-11-009 | CMS AN-2011/289, CMS AN-2011/213 | 4 | 0 | HAMBURG-UNIV, AACHEN-1, #not_found# | 3 | 0
SUS-11-010 | CMS AN-2011/262, CMS AN-2011/468, CMS AN-2011/208, CMS AN-2011/466, CMS AN-2011/184, CMS AN-2011/437, CMS AN-2011/258, CMS AN-2011/411 | 99 | 29 | FLORIDA-UNIV, NOTRE_DAME, PEKING-UNIV, #not_found#, BEIJING-IHEP | 5 | 2
SUS-11-011 | CMS AN-2011/269, CMS AN-2011/476, CMS AN-2011/272, CMS AN-2011/475 | 56 | 0 |  | 0 | 0
SUS-11-012 | CMS AN-2010/377 | 33 | 3 | FLORIDA-UNIV, CHICAGO, CERN, SANTANDER, IPM, ZURICH-ETH, CATANIA, UCRIVERSIDE, #not_found# | 9 | 3
SUS-11-013 | CMS AN-2011/281, CMS AN-2011/288, CMS AN-2011/292 | 35 | 18 | HAMBURG-UNIV, RUTGERS, AACHEN-1, #not_found#, KARLSRUHE-IEKP | 5 | 1
SUS-11-014 | CMS AN-2011/339 | 6 | 3 | RUTGERS, #not_found# | 2 | 1
SUS-11-015 | CMS AN-2011/173, CMS AN-2011/315, CMS AN-2011/205, CMS AN-2011/536, CMS AN-2011/410, CMS AN-2011/424, CMS AN-2011/255 | 106 | 16 | LONDON-IC, DESY, BUDAPEST, CERN, HAMBURG-UNIV, HEPHY, LIVERMORE, ATHENS, UCSB, IPM, #not_found#, KARLSRUHE-IEKP | 12 | 2
SUS-11-016 | CMS AN-2011/328 | 5 | 3 | CERN, HEPHY, FERMILAB, CHICAGO | 4 | 2
SUS-11-017 | CMS AN-2011/274 | 26 | 0 |  | 0 | 0
SUS-11-018 | CMS AN-2012/095, CMS AN-2011/249, CMS AN-2011/135 | 22 | 0 | RAL, #not_found#, ATHENS | 3 | 0
SUS-11-019 | CMS AN-2011/345 | 4 | 0 | ZURICH-ETH, #not_found# | 2 | 0
SUS-11-020 | CMS AN-2011/367, CMS AN-2011/466, CMS AN-2012/001 | 33 | 8 | FLORIDA-UNIV, BEIJING-IHEP | 2 | 1
SUS-11-021 | CMS AN-2011/464, CMS AN-2011/400 | 9 | 0 | ZURICH-ETH, #not_found# | 2 | 0
SUS-11-022 | CMS AN-2011/517 | 13 | 3 | LONDON-IC, ROCHESTER, PRINCETON, CERN, BRISTOL, BROWN-UNIV, #not_found# | 7 | 3
SUS-11-023 | CMS AN-2011/457 | 13 | 7 | PRINCETON, CERN, NORTHEASTERN, CORNELL, CALTECH, #not_found# | 6 | 4
SUS-11-024 | CMS AN-2011/458 | 13 | 7 | PRINCETON, CERN, NORTHEASTERN, CORNELL, CALTECH, #not_found# | 6 | 4
SUS-11-025 | CMS AN-2011/262, CMS AN-2011/468, CMS AN-2011/208, CMS AN-2011/466, CMS AN-2011/184, CMS AN-2011/437, CMS AN-2011/258, CMS AN-2011/411 | 99 | 29 | FLORIDA-UNIV, NOTRE_DAME, PEKING-UNIV, #not_found#, BEIJING-IHEP | 5 | 2
SUS-11-026 | CMS AN-2011/416 | 2 | 1 | CORNELL, #not_found# | 2 | 1
SUS-11-027 | CMS AN-2011/379, CMS AN-2011/536 | 36 | 8 | LONDON-IC, DESY, BUDAPEST, CERN, HAMBURG-UNIV, HEPHY, ATHENS, UCSB, LIVERMORE, #not_found#, KARLSRUHE-IEKP | 11 | 2
SUS-11-028 | CMS AN-2011/173 | 9 | 0 |  | 0 | 0
SUS-11-029 | CMS AN-2010/287 | 12 | 7 | CORNELL, CERN, CALTECH, #not_found# | 4 | 2
SUS-11-030 | CMS AN-2011/498 | 9 | 2 | PRINCETON, CERN, TORINO, UCSB, BRUSSEL-VUB, #not_found# | 6 | 2
SUS-11-031 |  | 0 | 0 |  | 0 | 0
SUS-11-032 | CMS AN-2012/131 | 10 | 0 |  | 0 | 0
SUS-11-033 |  | 0 | 0 |  | 0 | 0
SUS-11-034 |  | 0 | 0 |  | 0 | 0
SUS-11-035 |  | 0 | 0 |  | 0 | 0
SUS-11-036 |  | 0 | 0 |  | 0 | 0
SUS-11-037 |  | 0 | 0 |  | 0 | 0
SUS-12-001 | CMS AN-2011/289, CMS AN-2011/512, CMS AN-2011/515, CMS AN-2011/213 | 24 | 13 | RUTGERS, COLORADO, UCDAVIS, CARNEGIE-MELLON, HAMBURG-UNIV, NOTRE_DAME, FLORIDA-STATE, KANSAS-UNIV, UCRIVERSIDE, AACHEN-1, #not_found#, FERMILAB, VIRGINIA-UNIV | 13 | 10
SUS-12-002 | CMS AN-2012/040, CMS AN-2012/173 | 12 | 0 |  | 0 | 0
SUS-12-003 | CMS AN-2011/409 | 23 | 17 | COLORADO, CERN, HAMBURG-UNIV, FLORIDA-STATE, CORNELL, UCSB, BRISTOL, UCRIVERSIDE, #not_found# | 9 | 5
SUS-12-004 | CMS AN-2011/519, CMS AN-2011/485 | 13 | 8 | HAMBURG-UNIV, VANDERBILT, TEXAS-TAMU, #not_found# | 4 | 2
SUS-12-005 | CMS AN-2011/495, CMS AN-2011/233, CMS AN-2012/045, CMS AN-2011/219 | 23 | 9 | CERN, CORNELL, CALTECH, #not_found# | 4 | 2
SUS-12-006 | CMS AN-2012/051, CMS AN-2012/059, CMS AN-2012/105, CMS AN-2012/159, CMS AN-2011/527, CMS AN-2012/099 | 60 | 19 | FLORIDA-UNIV, KARLSRUHE-IEKP, HAMBURG-UNIV, UCLA, RUTGERS, BEIJING-IHEP, #not_found# | 7 | 3
SUS-12-007 | CMS AN-2012/051 | 23 | 0 |  | 0 | 0
SUS-12-008 | CMS AN-2011/485 | 3 | 0 | HAMBURG-UNIV, #not_found# | 2 | 0
SUS-12-009 | CMS AN-2011/516 | 16 | 7 | PRINCETON, CERN, NORTHEASTERN, CORNELL, CALTECH, #not_found# | 6 | 4
SUS-12-010 | CMS AN-2011/315, CMS AN-2011/205, CMS AN-2011/536, CMS AN-2011/410, CMS AN-2011/424, CMS AN-2011/255 | 97 | 16 | LONDON-IC, DESY, BUDAPEST, CERN, HAMBURG-UNIV, HEPHY, LIVERMORE, ATHENS, UCSB, IPM, #not_found#, KARLSRUHE-IEKP | 12 | 2
SUS-12-011 | CMS AN-2011/313, CMS AN-2011/188, CMS AN-2011/398 | 15 | 8 | HEPHY, TEXAS-TECH, CHICAGO, CERN, BAYLOR-UNIV, ATHENS, FLORIDA-FIU, TEXAS-TAMU, #not_found# | 9 | 5
SUS-12-012 | CMS AN-2011/527, CMS AN-2012/099 | 5 | 0 |  | 0 | 0
SUS-12-013 | CMS AN-2012/180 | 3 | 0 | DEMOKRITOS, #not_found# | 2 | 0
SUS-12-014 | CMS AN-2012/127 | 5 | 0 |  | 0 | 0
SUS-12-015 | CMS AN-2012/155, CMS AN-2012/440 | 6 | 0 | #not_found# | 1 | 0
SUS-12-016 | CMS AN-2012/052 | 13 | 3 | LONDON-IC, ROCHESTER, PRINCETON, CERN, BRISTOL, BROWN-UNIV, #not_found# | 7 | 3
SUS-12-017 | CMS AN-2012/237, CMS AN-2012/177, CMS AN-2012/189, CMS AN-2012/199 | 74 | 8 | FLORIDA-UNIV, CERN, #not_found#, OVIEDO, BEIJING-IHEP | 5 | 1
SUS-12-018 | CMS AN-2012/154, CMS AN-2012/212 | 18 | 12 | AACHEN-1, UCDAVIS, HAMBURG-UNIV, NOTRE_DAME, FLORIDA-STATE, CARNEGIE-MELLON, UCRIVERSIDE, #not_found#, FERMILAB, VIRGINIA-UNIV | 10 | 7
SUS-12-019 | CMS AN-2012/359, CMS AN-2012/200, CMS AN-2012/231 | 39 | 0 | ZURICH-ETH, #not_found# | 2 | 0
SUS-12-020 | CMS AN-2012/269, CMS AN-2012/284, CMS AN-2012/275 | 5 | 1 | KANSAS-UNIV, BRISTOL | 2 | 1
SUS-12-021 | CMS AN-2012/269, CMS AN-2012/267 | 5 | 1 | KANSAS-UNIV, DESY, #not_found# | 3 | 1
SUS-12-022 | CMS AN-2012/313, CMS AN-2012/255, CMS AN-2012/254, CMS AN-2012/256, CMS AN-2012/342, CMS AN-2012/351, CMS AN-2012/248, CMS AN-2012/330 | 84 | 33 | FLORIDA-UNIV, KARLSRUHE-IEKP, CORNELL, HAMBURG-UNIV, UCLA, RUTGERS, BEIJING-IHEP, #not_found# | 8 | 4
SUS-12-023 | CMS AN-2012/379 | 25 | 0 |  | 0 | 0
SUS-12-024 | CMS AN-2012/081 | 19 | 13 | COLORADO, CORNELL, UCSB, BRISTOL, UCRIVERSIDE, #not_found# | 6 | 4
SUS-12-025 | CMS AN-2012/321 | 1 | 1 | VANDERBILT | 1 | 1
SUS-12-026 | CMS AN-2012/343, CMS AN-2012/342, CMS AN-2012/257 | 55 | 38 | RUTGERS, #not_found# | 2 | 1
SUS-12-027 | CMS AN-2012/342, CMS AN-2012/257, CMS AN-2012/380, CMS AN-2012/344 | 44 | 25 | RUTGERS, #not_found# | 2 | 1
SUS-12-028 | CMS AN-2012/356 | 18 | 3 | LONDON-IC, ROCHESTER, PRINCETON, CERN, ATHENS, BRISTOL, BROWN-UNIV, #not_found# | 8 | 3
SUS-12-029 | CMS AN-2012/364, CMS AN-2012/353, CMS AN-2012/373, CMS AN-2012/199 | 84 | 7 | FLORIDA-UNIV, CERN, #not_found#, OVIEDO | 4 | 1
SUS-12-030 | CMS AN-2012/276 | 3 | 0 |  | 0 | 0
SUS-13-001 | CMS AN-2012/278 | 15 | 8 | PRINCETON, CERN, NORTHEASTERN, CORNELL, CALTECH, #not_found# | 6 | 4
SUS-13-002 | CMS AN-2012/343, CMS AN-2012/342, CMS AN-2012/257 | 55 | 38 | RUTGERS, #not_found# | 2 | 1
SUS-13-003 | CMS AN-2012/342, CMS AN-2012/257, CMS AN-2012/344 | 40 | 25 | RUTGERS, #not_found# | 2 | 1
SUS-13-004 | CMS AN-2012/234 | 13 | 7 | CHICAGO, CERN, NORTHEASTERN, CORNELL, CALTECH, #not_found# | 6 | 4
SUS-13-005 | CMS AN-2012/023 | 9 | 0 |  | 0 | 0
SUS-13-006 | CMS AN-2012/313, CMS AN-2012/255, CMS AN-2012/254, CMS AN-2012/256, CMS AN-2012/342, CMS AN-2012/351, CMS AN-2012/248, CMS AN-2012/330 | 84 | 33 | FLORIDA-UNIV, KARLSRUHE-IEKP, CORNELL, HAMBURG-UNIV, UCLA, RUTGERS, BEIJING-IHEP, #not_found# | 8 | 4
SUS-13-007 | CMS AN-2012/390, CMS AN-2012/416, CMS AN-2012/405, CMS AN-2013/035 | 19 | 6 | BUDAPEST, CERN, HEPHY, ATHENS, #not_found#, UCSB, DEBRECEN-IEP | 7 | 1
SUS-13-008 | CMS AN-2012/433 | 11 | 10 | FLORIDA-UNIV, UCLA, #not_found# | 3 | 2
SUS-13-009 | CMS AN-2012/421, CMS AN-2013/118 | 27 | 12 | LONDON-IC, IOWA, TEXAS-TECH, ROCKEFELLER, BANGKOK, TEXAS-TAMU, ADANA-CUKUROVA, #not_found# | 8 | 4
SUS-13-010 | CMS AN-2013/044 | 8 | 0 | HAMBURG-UNIV, KARLSRUHE-IEKP | 2 | 0
SUS-13-011 | CMS AN-2013/089, CMS AN-2013/059 | 46 | 0 |  | 0 | 0
SUS-13-012 | CMS AN-2012/350 | 24 | 13 | AACHEN-1, CHICAGO, HAMBURG-UNIV, BAYLOR-UNIV, ROCKEFELLER, FLORIDA-FIU, BRISTOL, UCRIVERSIDE, #not_found#, FERMILAB | 10 | 6
SUS-13-013 | CMS AN-2013/054, CMS AN-2013/086, CMS AN-2013/120, CMS AN-2013/051 | 54 | 41 | FLORIDA-UNIV, OVIEDO, CERN, ZURICH-ETH, NORTHEASTERN, UCSB, UCSD, #not_found#, FERMILAB, TEXAS-TAMU | 10 | 6
SUS-13-014 | CMS AN-2013/061 | 4 | 4 | RUTGERS, FERMILAB | 2 | 2
SUS-13-015 | CMS AN-2012/490 | 1 | 0 | #not_found# | 1 | 0
SUS-13-016 | CMS AN-2013/153 | 8 | 0 | ATHENS, #not_found# | 2 | 0
SUS-13-017 | CMS AN-2012/343, CMS AN-2013/204, CMS AN-2013/199, CMS AN-2013/226 | 92 | 49 | CERN, NORTHEASTERN, RUTGERS, UCSD, UCSB, #not_found#, FERMILAB, TEXAS-TAMU | 8 | 6
SUS-13-018 | CMS AN-2012/410 | 2 | 1 | #not_found#, FERMILAB | 2 | 1
SUS-13-019 | CMS AN-2013/215 | 5 | 0 |  | 0 | 0
SUS-13-020 | CMS AN-2013/228 | 1 | 0 |  | 0 | 0
SUS-13-021 | CMS AN-2013/182 | 28 | 0 |  | 0 | 0
SUS-13-022 | CMS AN-2013/202 | 13 | 8 | CORNELL, UCSB, UCRIVERSIDE, #not_found#, COLORADO | 5 | 4
TAU-11-001 | CMS AN-2011/045 | 12 | 3 | WISCONSIN, MILANO-BICOCCA, CERN, ZURICH-ETH, SACLAY, POLYTECHNIQUE, BRUXELLES-ULB, BROWN-UNIV, AACHEN-1, #not_found#, FERMILAB | 11 | 3
TOP-07-001 | CMS AN-2007/022 | 10 | 0 |  | 0 | 0
TOP-07-002 | CMS AN-2007/025 | 26 | 0 |  | 0 | 0
TOP-07-003 | CMS AN-2007/027 | 7 | 0 |  | 0 | 0
TOP-07-004 | CMS AN-2007/029 | 2 | 0 |  | 0 | 0
TOP-07-005 | CMS AN-2007/030 | 6 | 0 |  | 0 | 0
TOP-08-001 | CMS AN-2008/015 | 15 | 0 |  | 0 | 0
TOP-08-002 | CMS AN-2008/016 | 6 | 0 |  | 0 | 0
TOP-08-003 | CMS AN-2008/017 | 4 | 0 |  | 0 | 0
TOP-08-004 | CMS AN-2008/013 | 7 | 0 |  | 0 | 0
TOP-08-005 | CMS AN-2008/014 | 5 | 0 |  | 0 | 0
TOP-09-001 | CMS AN-2008/112 | 5 | 0 |  | 0 | 0
TOP-09-002 | CMS AN-2009/051, CMS AN-2009/050, CMS AN-2009/047 | 27 | 0 |  | 0 | 0
TOP-09-003 | CMS AN-2009/084, CMS AN-2009/080 | 9 | 0 |  | 0 | 0
TOP-09-004 | CMS AN-2009/075, CMS AN-2009/080 | 11 | 0 |  | 0 | 0
TOP-09-005 | CMS AN-2009/069 | 5 | 0 |  | 0 | 0
TOP-09-006 | CMS AN-2009/078 | 3 | 0 |  | 0 | 0
TOP-09-007 | CMS AN-2009/071 | 4 | 0 |  | 0 | 0
TOP-09-008 | CMS AN-2009/100 | 3 | 3 | FLORIDA-TECH, IOWA | 2 | 2
TOP-09-009 | CMS AN-2009/095 | 19 | 3 | LYON, HAMBURG-UNIV, AACHEN-3A, SUNY-BUFFALO, MONS, MARYLAND, BRUSSEL-VUB, #not_found# | 8 | 2
TOP-09-010 | CMS AN-2009/089 | 4 | 0 |  | 0 | 0
TOP-09-011 |  | 0 | 0 |  | 0 | 0
TOP-09-012 |  | 0 | 0 |  | 0 | 0
TOP-09-013 |  | 0 | 0 |  | 0 | 0
TOP-09-014 |  | 0 | 0 |  | 0 | 0
TOP-10-001 | CMS AN-2010/259, CMS AN-2010/195, CMS AN-2010/200, CMS AN-2010/267, CMS AN-2010/258, CMS AN-2010/205 | 40 | 0 |  | 0 | 0
TOP-10-002 | CMS AN-2010/301, CMS AN-2010/326, CMS AN-2010/273, CMS AN-2010/368, CMS AN-2010/297, CMS AN-2010/090, CMS AN-2010/362, CMS AN-2010/310 | 74 | 16 | OVIEDO, KARLSRUHE-IEKP, CORNELL, HAMBURG-UNIV, KANSAS-STATE, AACHEN-3B, OHIO-STATE, FLORIDA-TECH, GHENT, UCRIVERSIDE, FERMILAB, MISSISSIPPI, BRUXELLES-ULB, KANSAS-UNIV, LYON, BRUSSEL-VUB, STRASBOURG, CERN, NOTRE_DAME, IPM, RICE, #not_found#, VIRGINIA-UNIV | 23 | 11
TOP-10-003 | CMS AN-2010/337, CMS AN-2009/179, CMS AN-2010/281, CMS AN-2010/297, CMS AN-2010/362, CMS AN-2011/132, CMS AN-2010/145 | 72 | 17 | OVIEDO, BRUNEL, KARLSRUHE-IEKP, CORNELL, VANDERBILT, KANSAS-STATE, AACHEN-3B, OHIO-STATE, SUNY-BUFFALO, FLORIDA-TECH, GHENT, MARYLAND, BRUXELLES-ULB, JOHNS-HOPKINS, LYON, BRUSSEL-VUB, STRASBOURG, CERN, ZURICH-ETH, NOTRE_DAME, UCLA, IPM, NEBRASKA, RICE, #not_found# | 25 | 12
TOP-10-004 | CMS AN-2010/205, CMS AN-2010/177, CMS AN-2010/172, CMS AN-2010/173, CMS AN-2010/200, CMS AN-2010/193, CMS AN-2010/164 | 158 | 43 | BRUNEL, KARLSRUHE-IEKP, CORNELL, HAMBURG-UNIV, BROWN-UNIV, PRINCETON, SUNY-BUFFALO, FLORIDA-TECH, MONS, RIO-UERJ, MARYLAND, UCRIVERSIDE, FERMILAB, DESY, CHICAGO, KANSAS-UNIV, JOHNS-HOPKINS, LYON, RICE, STRASBOURG, CERN, NOTRE_DAME, UCLA, NEBRASKA, BRUSSEL-VUB, #not_found#, VIRGINIA-UNIV | 27 | 16
TOP-10-005 | CMS AN-2010/389, CMS AN-2010/406, CMS AN-2011/018, CMS AN-2010/410, CMS AN-2010/414, CMS AN-2010/380, CMS AN-2010/428, CMS AN-2010/429 | 79 | 0 | SKK-UNIV, DESY, FIRENZE, KOREA-UNIV, BRUSSEL-VUB, #not_found# | 6 | 0
TOP-10-006 | CMS AN-2010/369, CMS AN-2010/374, CMS AN-2010/311 | 18 | 0 |  | 0 | 0
TOP-10-007 | CMS AN-2010/333 | 1 | 0 | #not_found# | 1 | 0
TOP-10-008 | CMS AN-2011/090, CMS AN-2010/388, CMS AN-2010/393 | 3 | 0 | #not_found# | 1 | 0
TOP-10-009 | CMS AN-2010/435, CMS AN-2011/124, CMS AN-2011/037, CMS AN-2011/171 | 16 | 2 | CERN, MISSISSIPPI, BRUSSEL-VUB, UCRIVERSIDE, #not_found# | 5 | 2
TOP-10-010 | CMS AN-2010/352 | 6 | 0 | HAMBURG-UNIV, KARLSRUHE-IEKP, #not_found# | 3 | 0
TOP-11-001 |  | 0 | 0 |  | 0 | 0
TOP-11-002 |  | 0 | 0 |  | 0 | 0
TOP-11-003 | CMS AN-2011/443, CMS AN-2011/260, CMS AN-2011/210, CMS AN-2011/232 | 27 | 10 | BRUSSEL-VUB, BRUNEL, CORNELL, ZURICH-ETH, KANSAS-STATE, VANDERBILT, UCLA, CERN, JOHNS-HOPKINS, SUNY-BUFFALO, #not_found# | 11 | 6
TOP-11-004 | CMS AN-2011/510 | 2 | 0 | CHUNGLI-NCU, STRASBOURG | 2 | 0
TOP-11-005 | CMS AN-2011/334, CMS AN-2011/186, CMS AN-2011/477 | 36 | 0 | DESY, STRASBOURG, SANTANDER, ROMA-1, CHUNGLI-NCU, #not_found# | 6 | 0
TOP-11-006 | CMS AN-2011/421, CMS AN-2011/245 | 12 | 0 |  | 0 | 0
TOP-11-007 | CMS AN-2011/248, CMS AN-2011/190 | 6 | 0 | BOLOGNA, FIRENZE, HAMBURG-UNIV | 3 | 0
TOP-11-008 | CMS AN-2011/359 | 3 | 0 | DESY, #not_found# | 2 | 0
TOP-11-009 | CMS AN-2011/265 | 7 | 0 | AACHEN-3B, LYON, GENOVA, #not_found#, BRISTOL | 5 | 0
TOP-11-010 | CMS AN-2011/178 | 2 | 2 | SUNY-BUFFALO | 1 | 1
TOP-11-011 |  | 0 | 0 |  | 0 | 0
TOP-11-012 |  | 0 | 0 |  | 0 | 0
TOP-11-013 | CMS AN-2011/225, CMS AN-2011/186, CMS AN-2012/075, CMS AN-2012/065, CMS AN-2011/254, CMS AN-2012/072 | 39 | 0 | SKK-UNIV, DESY, #not_found#, KANGWON, BRUSSEL-VUB, KOREA-UNIV | 6 | 0
TOP-11-014 | CMS AN-2011/185 | 7 | 0 | HAMBURG-UNIV, #not_found#, KARLSRUHE-IEKP | 3 | 0
TOP-11-015 | CMS AN-2011/375, CMS AN-2012/010 | 6 | 0 | CERN, HAMBURG-UNIV, #not_found#, BRISTOL | 4 | 0
TOP-11-016 | CMS AN-2012/094, CMS AN-2012/134, CMS AN-2012/009 | 13 | 2 | BROWN-UNIV, #not_found#, STRASBOURG | 3 | 1
TOP-11-017 | CMS AN-2012/198 | 4 | 0 | HAMBURG-UNIV, #not_found# | 2 | 0
TOP-11-018 |  | 0 | 0 |  | 0 | 0
TOP-11-019 | CMS AN-2011/307 | 3 | 0 | CERN, BRUSSEL-VUB | 2 | 0
TOP-11-020 | CMS AN-2012/477, CMS AN-2011/325 | 9 | 0 | BOLOGNA, BRUSSEL-VUB, MADRID-CIEMAT, #not_found# | 4 | 0
TOP-11-021 | CMS AN-2011/301, CMS AN-2011/246, CMS AN-2011/191, CMS AN-2011/229 | 29 | 0 | PROTVINO, DESY, NAPOLI, HAMBURG-UNIV, MOSCOW-MSU, LOUVAIN, #not_found#, KARLSRUHE-IEKP | 8 | 0
TOP-11-022 | CMS AN-2011/465, CMS AN-2011/253, CMS AN-2012/060, CMS AN-2012/058 | 11 | 4 | BRUNEL, KARLSRUHE-IEKP, HAMBURG-UNIV, KANSAS-UNIV, NEBRASKA, LOUVAIN, BRUSSEL-VUB, #not_found# | 8 | 2
TOP-11-023 |  | 0 | 0 |  | 0 | 0
TOP-11-024 | CMS AN-2011/337 | 6 | 1 | LYON, UCLA, KARLSRUHE-IEKP, STRASBOURG, #not_found# | 5 | 1
TOP-11-025 |  | 0 | 0 |  | 0 | 0
TOP-11-026 |  | 0 | 0 |  | 0 | 0
TOP-11-027 | CMS AN-2010/316 | 7 | 5 | FLORIDA-UNIV, CORNELL, UCSB, #not_found# | 4 | 3
TOP-11-028 | CMS AN-2011/482, CMS AN-2011/358 | 4 | 2 | NORTHWESTERN, TAIPEI-NTU, #not_found# | 3 | 1
TOP-11-029 | CMS AN-2011/394 | 5 | 0 |  | 0 | 0
TOP-11-030 | CMS AN-2011/439 | 6 | 0 | HAMBURG-UNIV, #not_found#, KARLSRUHE-IEKP | 3 | 0
TOP-11-031 | CMS AN-2011/113 | 3 | 0 |  | 0 | 0
TOP-12-001 |  | 0 | 0 |  | 0 | 0
TOP-12-002 |  | 0 | 0 |  | 0 | 0
TOP-12-003 |  | 0 | 0 |  | 0 | 0
TOP-12-004 | CMS AN-2012/190, CMS AN-2012/007, CMS AN-2012/152 | 30 | 1 | CHUNGLI-NCU, AACHEN-3B, BROWN-UNIV, #not_found#, STRASBOURG | 5 | 1
TOP-12-005 | CMS AN-2012/077 | 6 | 3 | FLORIDA-TECH, PEKING-UNIV, RUTGERS, #not_found#, FERMILAB | 5 | 3
TOP-12-006 | CMS AN-2012/218, CMS AN-2013/235, CMS AN-2012/220, CMS AN-2012/186 | 25 | 0 | BRUSSEL-VUB | 1 | 0
TOP-12-007 | CMS AN-2012/178, CMS AN-2012/375 | 34 | 0 | CHUNGLI-NCU, SANTANDER, #not_found#, STRASBOURG, DESY | 5 | 0
TOP-12-008 |  | 0 | 0 |  | 0 | 0
TOP-12-009 |  | 0 | 0 |  | 0 | 0
TOP-12-010 | CMS AN-2012/190, CMS AN-2012/164 | 35 | 0 |  | 0 | 0
TOP-12-011 | CMS AN-2012/273 | 14 | 0 | NAPOLI, FRASCATI, LOUVAIN, TALLINN, #not_found#, PROTVINO | 6 | 0
TOP-12-012 |  | 0 | 0 |  | 0 | 0
TOP-12-013 |  | 0 | 0 |  | 0 | 0
TOP-12-014 | CMS AN-2012/184 | 4 | 0 |  | 0 | 0
TOP-12-015 | CMS AN-2012/157 | 5 | 0 | #not_found#, IPM | 2 | 0
TOP-12-016 | CMS AN-2012/190 | 25 | 0 |  | 0 | 0
TOP-12-017 |  | 0 | 0 |  | 0 | 0
TOP-12-018 | CMS AN-2012/211, CMS AN-2012/239 | 10 | 2 | CERN, CORNELL, #not_found#, KARLSRUHE-IEKP | 4 | 1
TOP-12-019 | CMS AN-2012/241, CMS AN-2012/244 | 11 | 0 | CERN, BRUNEL, #not_found#, BRISTOL | 4 | 0
TOP-12-020 | CMS AN-2012/272, CMS AN-2013/166, CMS AN-2012/469 | 43 | 1 | KARLSRUHE-IEKP, NAPOLI, HAMBURG-UNIV, DESY, MOSCOW-MSU, IPM, NEBRASKA, LOUVAIN, BRUSSEL-VUB, #not_found#, PROTVINO | 11 | 1
TOP-12-021 | CMS AN-2012/294 | 7 | 0 |  | 0 | 0
TOP-12-022 | CMS AN-2012/385, CMS AN-2012/022 | 6 | 0 | DESY, #not_found# | 2 | 0
TOP-12-023 | CMS AN-2012/271 | 3 | 0 | DESY, #not_found# | 2 | 0
TOP-12-024 | CMS AN-2012/251 | 6 | 0 | SKK-UNIV, #not_found#, KANGWON, CHONNAM, BRUSSEL-VUB, KOREA-UNIV | 6 | 0
TOP-12-025 |  | 0 | 0 |  | 0 | 0
TOP-12-026 | CMS AN-2012/250 | 6 | 0 |  | 0 | 0
TOP-12-027 | CMS AN-2012/462 | 3 | 0 | HAMBURG-UNIV, #not_found# | 2 | 0
TOP-12-028 | CMS AN-2012/389, CMS AN-2012/388 | 10 | 0 | DESY, #not_found# | 2 | 0
TOP-12-029 | CMS AN-2012/483 | 6 | 0 | CERN, HAMBURG-UNIV, BRUSSEL-VUB | 3 | 0
TOP-12-030 | CMS AN-2012/475 | 4 | 0 | CERN, #not_found# | 2 | 0
TOP-12-031 | CMS AN-2013/037 | 3 | 0 | CERN, BRUSSEL-VUB | 2 | 0
TOP-12-032 |  | 0 | 0 |  | 0 | 0
TOP-12-033 | CMS AN-2013/014 | 4 | 0 | #not_found#, KARLSRUHE-IEKP | 2 | 0
TOP-12-034 |  | 0 | 0 |  | 0 | 0
TOP-12-035 | CMS AN-2013/074, CMS AN-2012/302 | 6 | 0 |  | 0 | 0
TOP-12-036 |  | 0 | 0 |  | 0 | 0
TOP-12-037 | CMS AN-2013/047 | 3 | 0 | TAIPEI-NTU, #not_found# | 2 | 0
TOP-12-038 | CMS AN-2013/324, CMS AN-2013/032 | 11 | 0 | TALLINN, #not_found#, IPM, LOUVAIN, NAPOLI | 5 | 0
TOP-12-039 |  | 0 | 0 |  | 0 | 0
TOP-12-040 | CMS AN-2012/458, CMS AN-2013/172 | 4 | 1 | BRUSSEL-VUB, #not_found#, NEBRASKA | 3 | 1
TOP-12-041 | CMS AN-2012/484 | 11 | 0 | DESY, #not_found# | 2 | 0
TOP-12-042 | CMS AN-2013/015 | 7 | 0 | BRUNEL, #not_found#, BRISTOL | 3 | 0
TOP-13-001 | CMS AN-2012/448 | 13 | 0 |  | 0 | 0
TOP-13-002 |  | 0 | 0 |  | 0 | 0
TOP-13-003 |  | 0 | 0 |  | 0 | 0
TOP-13-004 |  | 0 | 0 |  | 0 | 0
TOP-13-005 |  | 0 | 0 |  | 0 | 0
TOP-13-006 |  | 0 | 0 |  | 0 | 0
TOP-13-007 | CMS AN-2013/243, CMS AN-2013/264, CMS AN-2013/245, CMS AN-2013/242 | 13 | 0 | LYON, SEOUL-UNIV, DESY, #not_found# | 4 | 0
TOP-13-008 | CMS AN-2013/248 | 5 | 0 | BOLOGNA, MADRID-CIEMAT, #not_found# | 3 | 0
TOP-13-009 | CMS AN-2013/156 | 4 | 0 | NAPOLI, IPM | 2 | 0
TOP-13-010 | CMS AN-2012/252 | 7 | 0 | SKK-UNIV, #not_found#, KANGWON, CHONNAM, BRUSSEL-VUB, KOREA-UNIV | 6 | 0
TOP-13-011 | CMS AN-2013/195 | 3 | 0 | AACHEN-3B | 1 | 0
TOP-13-012 | CMS AN-2012/290 | 1 | 0 | #not_found# | 1 | 0
TOP-13-013 |  | 0 | 0 |  | 0 | 0
TOP-13-014 |  | 0 | 0 |  | 0 | 0
TRG-12-001 |  | 0 | 0 |  | 0 | 0
TRK-09-001 |  | 0 | 0 |  | 0 | 0
TRK-10-001 | CMS AN-2010/020, CMS AN-2010/039, CMS AN-2010/055, CMS AN-2010/035, CMS AN-2010/040 | 20 | 0 | #not_found#, FIRENZE | 2 | 0
TRK-10-002 | CMS AN-2010/209, CMS AN-2010/122, CMS AN-2010/149, CMS AN-2010/153 | 11 | 2 | STRASBOURG, PRINCETON, CERN, SANTANDER, PURDUE, #not_found# | 6 | 2
TRK-10-003 | CMS AN-2010/039, CMS AN-2010/101, CMS AN-2010/040 | 16 | 1 | UCRIVERSIDE, #not_found#, FIRENZE | 3 | 1
TRK-10-004 | CMS AN-2010/059, CMS AN-2010/190, CMS AN-2009/165, CMS AN-2010/035 | 46 | 0 |  | 0 | 0
TRK-10-005 | CMS AN-2010/055, CMS AN-2010/137, CMS AN-2010/191, CMS AN-2010/201, CMS AN-2010/187, CMS AN-2010/196 | 14 | 1 | ZURICH-ETH, DESY, #not_found#, UCDAVIS, MILANO-BICOCCA | 5 | 1
TRK-11-001 | CMS AN-2011/172 | 18 | 7 | BUDAPEST, PSI, COLORADO, PURDUE, CERN, ZURICH-ETH, RAL, PISA, FIRENZE, NEBRASKA, BROWN-UNIV, DEBRECEN-IEP, FERMILAB, DESY | 14 | 5
TRK-11-002 | CMS AN-2012/235, CMS AN-2011/531 | 3 | 0 | DESY | 1 | 0
TRK-11-003 |  | 0 | 0 |  | 0 | 0
